country,state_abbr,state_name,name,osm_type,osm_id,admin_level,level_name,wikidata,fips,alt_name,short_name,official_name
US,ME,Maine,Presque Isle,relation,132494,8,Cities/Towns/Villages/Municipalities,Q986013,,,,
US,ME,Maine,Caribou,relation,132495,8,Cities/Towns/Villages/Municipalities,Q1010699,,,,
US,ME,Maine,Portland,relation,132500,8,Cities/Towns/Villages/Municipalities,Q49201,,,,
US,ME,Maine,Westbrook,relation,132501,8,Cities/Towns/Villages/Municipalities,Q663724,,,,
US,ME,Maine,South Portland,relation,132502,8,Cities/Towns/Villages/Municipalities,Q1000166,,,,
US,ME,Maine,Milford,relation,132507,8,Cities/Towns/Villages/Municipalities,Q3449362,,,,
US,ME,Maine,Old Town,relation,132508,8,Cities/Towns/Villages/Municipalities,Q1642029,,,,
US,ME,Maine,Orono,relation,132509,8,Cities/Towns/Villages/Municipalities,Q2736049,,,,
US,ME,Maine,Brewer,relation,132511,8,Cities/Towns/Villages/Municipalities,Q979409,,,,
US,ME,Maine,Bangor,relation,132515,8,Cities/Towns/Villages/Municipalities,Q327012,,,,
US,ME,Maine,Bath,relation,132519,8,Cities/Towns/Villages/Municipalities,Q810784,,,,
US,ME,Maine,Lewiston,relation,132521,8,Cities/Towns/Villages/Municipalities,Q501170,,,,
US,ME,Maine,Auburn,relation,132522,8,Cities/Towns/Villages/Municipalities,Q758545,,,,
US,ME,Maine,Oakland,relation,132526,8,Cities/Towns/Villages/Municipalities,Q3448417,,,,
US,ME,Maine,Fairfield,relation,132527,8,Cities/Towns/Villages/Municipalities,Q3451609,,,,
US,ME,Maine,Winslow,relation,132528,8,Cities/Towns/Villages/Municipalities,Q2736054,,,,
US,ME,Maine,Waterville,relation,132529,8,Cities/Towns/Villages/Municipalities,Q997170,,,,
US,ME,Maine,Hallowell,relation,132531,8,Cities/Towns/Villages/Municipalities,Q2283250,,,,
US,ME,Maine,Augusta,relation,132532,8,Cities/Towns/Villages/Municipalities,Q28206,,,,
US,ME,Maine,Farmingdale,relation,132533,8,Cities/Towns/Villages/Municipalities,Q3476861,,,,
US,ME,Maine,Gardiner,relation,132534,8,Cities/Towns/Villages/Municipalities,Q209794,,,,
US,ME,Maine,Randolph,relation,132535,8,Cities/Towns/Villages/Municipalities,Q3448797,,,,
US,ME,Maine,Livermore Falls,relation,132536,8,Cities/Towns/Villages/Municipalities,Q3461492,,,,
US,ME,Maine,Yarmouth,relation,132559,8,Cities/Towns/Villages/Municipalities,Q3448462,,,,
US,ME,Maine,Anson,relation,132563,8,Cities/Towns/Villages/Municipalities,Q515041,,,,
US,ME,Maine,Madison,relation,132564,8,Cities/Towns/Villages/Municipalities,Q3461573,,,,
US,ME,Maine,Skowhegan,relation,132565,8,Cities/Towns/Villages/Municipalities,Q1002388,,,,
US,ME,Maine,Norridgewock,relation,132566,8,Cities/Towns/Villages/Municipalities,Q431780,,,,
US,ME,Maine,Norway,relation,132570,8,Cities/Towns/Villages/Municipalities,Q2734330,,,,
US,ME,Maine,Waldoboro,relation,132574,8,Cities/Towns/Villages/Municipalities,Q3450973,,,,
US,ME,Maine,Mexico,relation,132575,8,Cities/Towns/Villages/Municipalities,Q3710682,,,,
US,ME,Maine,Rumford,relation,132576,8,Cities/Towns/Villages/Municipalities,Q2740297,,,,
US,ME,Maine,Eastport,relation,132577,8,Cities/Towns/Villages/Municipalities,Q785669,,,,
US,ME,Maine,Calais,relation,132578,8,Cities/Towns/Villages/Municipalities,Q612696,,,,
US,ME,Maine,Belfast,relation,132579,8,Cities/Towns/Villages/Municipalities,Q2075675,,,,
US,ME,Maine,Ellsworth,relation,132581,8,Cities/Towns/Villages/Municipalities,Q2075643,,,,
US,ME,Maine,Rockland,relation,132584,8,Cities/Towns/Villages/Municipalities,Q2078053,,,,
US,ME,Maine,Machias,relation,132586,8,Cities/Towns/Villages/Municipalities,Q2725736,,,,
US,ME,Maine,Baileyville,relation,132587,8,Cities/Towns/Villages/Municipalities,Q3449292,,,,
US,ME,Maine,Wilton,relation,132589,8,Cities/Towns/Villages/Municipalities,Q3449404,,,,
US,ME,Maine,Searsport,relation,132594,8,Cities/Towns/Villages/Municipalities,Q3242161,,,,
US,ME,Maine,Unity,relation,132595,8,Cities/Towns/Villages/Municipalities,Q3679877,,,,
US,ME,Maine,Fort Fairfield,relation,132597,8,Cities/Towns/Villages/Municipalities,Q3461783,,,,
US,ME,Maine,Houlton,relation,132599,8,Cities/Towns/Villages/Municipalities,Q913153,,,,
US,ME,Maine,Limestone,relation,132600,8,Cities/Towns/Villages/Municipalities,Q1004023,,,,
US,ME,Maine,Dover-Foxcroft,relation,132615,8,Cities/Towns/Villages/Municipalities,Q2917712,,,,
US,ME,Maine,Greenville,relation,132690,8,Cities/Towns/Villages/Municipalities,Q3448547,,,,
US,ME,Maine,Guilford,relation,132789,8,Cities/Towns/Villages/Municipalities,Q3453173,,,,
US,ME,Maine,Milo,relation,132790,8,Cities/Towns/Villages/Municipalities,Q3449338,,,,
US,ME,Maine,Freeport,relation,132799,8,Cities/Towns/Villages/Municipalities,Q1453617,,,,
US,ME,Maine,Bridgton,relation,132803,8,Cities/Towns/Villages/Municipalities,Q3345873,,,,
US,ME,Maine,Millinocket,relation,132805,8,Cities/Towns/Villages/Municipalities,Q1935584,,,,
US,ME,Maine,Lincoln,relation,132807,8,Cities/Towns/Villages/Municipalities,Q3293275,,,,
US,ME,Maine,Howland,relation,132809,8,Cities/Towns/Villages/Municipalities,Q2740439,,,,
US,ME,Maine,Dexter,relation,132811,8,Cities/Towns/Villages/Municipalities,Q3476898,,,,
US,ME,Maine,Wiscasset,relation,132815,8,Cities/Towns/Villages/Municipalities,Q960402,,,,
US,ME,Maine,Richmond,relation,132817,8,Cities/Towns/Villages/Municipalities,Q3307045,,,,
US,ME,Maine,Bingham,relation,132823,8,Cities/Towns/Villages/Municipalities,Q2218656,,,,
US,ME,Maine,Hartland,relation,132824,8,Cities/Towns/Villages/Municipalities,Q3470776,,,,
US,ME,Maine,Pittsfield,relation,132826,8,Cities/Towns/Villages/Municipalities,Q887204,,,,
US,ME,Maine,Mechanic Falls,relation,132828,8,Cities/Towns/Villages/Municipalities,Q1028068,,,,
US,ME,Maine,Camden,relation,132832,8,Cities/Towns/Villages/Municipalities,Q2007905,,,,
US,ME,Maine,Clinton,relation,132834,8,Cities/Towns/Villages/Municipalities,Q3461582,,,,
US,ME,Maine,Winthrop,relation,132835,8,Cities/Towns/Villages/Municipalities,Q2435123,,,,
US,ME,Maine,Dixfield,relation,132836,8,Cities/Towns/Villages/Municipalities,Q3462177,,,,
US,ME,Maine,Fryeburg,relation,132839,8,Cities/Towns/Villages/Municipalities,Q3451647,,,,
US,ME,Maine,Oxford,relation,132841,8,Cities/Towns/Villages/Municipalities,Q539085,,,,
US,ME,Maine,Mount Chase,relation,1703107,8,Cities/Towns/Villages/Municipalities,Q3447998,,,,
US,ME,Maine,Patten,relation,1703108,8,Cities/Towns/Villages/Municipalities,Q3447455,,,,
US,ME,Maine,Stacyville,relation,1703109,8,Cities/Towns/Villages/Municipalities,Q3448245,,,,
US,ME,Maine,Eliot,relation,2019527,8,Cities/Towns/Villages/Municipalities,Q2533865,,,,
US,ME,Maine,Kittery,relation,2019528,8,Cities/Towns/Villages/Municipalities,Q973112,,,,
US,ME,Maine,York,relation,2020262,8,Cities/Towns/Villages/Municipalities,Q2323126,,,,
US,ME,Maine,Berwick,relation,2020714,8,Cities/Towns/Villages/Municipalities,Q3451686,,,,
US,ME,Maine,South Berwick,relation,2020715,8,Cities/Towns/Villages/Municipalities,Q2723786,,,,
US,ME,Maine,Lebanon,relation,2020850,8,Cities/Towns/Villages/Municipalities,Q1810829,,,,
US,ME,Maine,North Berwick,relation,2021273,8,Cities/Towns/Villages/Municipalities,Q959877,,,,
US,ME,Maine,Sanford,relation,2021274,8,Cities/Towns/Villages/Municipalities,Q2018200,,,,
US,ME,Maine,Acton,relation,2021330,8,Cities/Towns/Villages/Municipalities,Q3475953,,,,
US,ME,Maine,Newfield,relation,2021331,8,Cities/Towns/Villages/Municipalities,Q3449442,,,,
US,ME,Maine,Parsonsfield,relation,2021332,8,Cities/Towns/Villages/Municipalities,Q3450922,,,,
US,ME,Maine,Shapleigh,relation,2021333,8,Cities/Towns/Villages/Municipalities,Q3449743,,,,
US,ME,Maine,Alfred,relation,2021416,8,Cities/Towns/Villages/Municipalities,Q2283266,,,,
US,ME,Maine,Cornish,relation,2021417,8,Cities/Towns/Villages/Municipalities,Q3242166,,,,
US,ME,Maine,Limerick,relation,2021418,8,Cities/Towns/Villages/Municipalities,Q3450792,,,,
US,ME,Maine,Lyman,relation,2021419,8,Cities/Towns/Villages/Municipalities,Q3447627,,,,
US,ME,Maine,Waterboro,relation,2021420,8,Cities/Towns/Villages/Municipalities,Q3450402,,,,
US,ME,Maine,Ogunquit,relation,2021457,8,Cities/Towns/Villages/Municipalities,Q2016282,,,,
US,ME,Maine,Arundel,relation,2021553,8,Cities/Towns/Villages/Municipalities,Q3476906,,,,
US,ME,Maine,Biddeford,relation,2021554,8,Cities/Towns/Villages/Municipalities,Q856938,,,,
US,ME,Maine,Hollis,relation,2021555,8,Cities/Towns/Villages/Municipalities,Q3448692,,,,
US,ME,Maine,Kennebunk,relation,2021556,8,Cities/Towns/Villages/Municipalities,Q1994665,,,,
US,ME,Maine,Kennebunkport,relation,2021557,8,Cities/Towns/Villages/Municipalities,Q1738795,,,,
US,ME,Maine,Saco,relation,2021559,8,Cities/Towns/Villages/Municipalities,Q1001891,,,,
US,ME,Maine,Wells,relation,2021560,8,Cities/Towns/Villages/Municipalities,Q2446241,,,,
US,ME,Maine,Buxton,relation,2021653,8,Cities/Towns/Villages/Municipalities,Q1072836,,,,
US,ME,Maine,Dayton,relation,2021654,8,Cities/Towns/Villages/Municipalities,Q2880455,,,,
US,ME,Maine,Limington,relation,2021655,8,Cities/Towns/Villages/Municipalities,Q3449836,,,,
US,ME,Maine,Fort Kent,relation,3122076,8,Cities/Towns/Villages/Municipalities,Q899695,,,,
US,ME,Maine,Frenchville,relation,3122077,8,Cities/Towns/Villages/Municipalities,Q1455499,,,,
US,ME,Maine,Grand Isle,relation,3122078,8,Cities/Towns/Villages/Municipalities,Q3057652,,,,
US,ME,Maine,Madawaska,relation,3122079,8,Cities/Towns/Villages/Municipalities,Q1007939,,,,
US,ME,Maine,Saint Agatha,relation,3122080,8,Cities/Towns/Villages/Municipalities,Q3057671,,,,
US,ME,Maine,Van Buren,relation,3122081,8,Cities/Towns/Villages/Municipalities,Q2305877,,,,
US,ME,Maine,Newry,relation,3494732,8,Cities/Towns/Villages/Municipalities,Q3449812,,,,
US,ME,Maine,Boothbay Harbor,relation,4112004,8,Cities/Towns/Villages/Municipalities,Q3461567,,,,
US,ME,Maine,Boothbay,relation,4112005,8,Cities/Towns/Villages/Municipalities,Q3450437,,,,
US,ME,Maine,Edgecomb,relation,4112006,8,Cities/Towns/Villages/Municipalities,Q3476842,,,,
US,ME,Maine,Southport,relation,4112007,8,Cities/Towns/Villages/Municipalities,Q3449391,,,,
US,ME,Maine,Smithfield,relation,4753303,8,Cities/Towns/Villages/Municipalities,Q3447938,,,,
US,ME,Maine,T3 Indian Purchase Township,relation,7421286,8,Cities/Towns/Villages/Municipalities,Q124156264,,,,
US,ME,Maine,Veazie Gore,relation,7421356,8,Cities/Towns/Villages/Municipalities,Q124156266,,,,
US,ME,Maine,T4 Indian Purchase Township,relation,7421394,8,Cities/Towns/Villages/Municipalities,Q124156267,,,,
US,ME,Maine,Grindstone Township,relation,7421473,8,Cities/Towns/Villages/Municipalities,Q124156268,,T1 R7 WELS,,
US,ME,Maine,Long A Township,relation,7421513,8,Cities/Towns/Villages/Municipalities,Q124156269,,,,
US,ME,Maine,Hopkins Academy Grant Township,relation,7421526,8,Cities/Towns/Villages/Municipalities,Q124156270,,,,
US,ME,Maine,East Millinocket,relation,7421626,8,Cities/Towns/Villages/Municipalities,Q3450506,,,,
US,ME,Maine,TA R7 WELS,relation,7421845,8,Cities/Towns/Villages/Municipalities,Q124156271,,,,
US,ME,Maine,Winterport,relation,7722554,8,Cities/Towns/Villages/Municipalities,Q3447557,,,,
US,ME,Maine,T1 R8 WELS,relation,8402757,8,Cities/Towns/Villages/Municipalities,Q124156272,,,,
US,ME,Maine,Ambejejus Lake,relation,8402761,8,Cities/Towns/Villages/Municipalities,Q124156131,,T1 R9 WELS,,
US,ME,Maine,T2 R8 WELS,relation,8439730,8,Cities/Towns/Villages/Municipalities,Q124156273,,,,
US,ME,Maine,Frankfort,relation,8536090,8,Cities/Towns/Villages/Municipalities,Q3447489,,,,
US,ME,Maine,Monhegan Plantation,relation,11058222,8,Cities/Towns/Villages/Municipalities,Q3288454,,,,
US,ME,Maine,Tim Pond Township,relation,11058223,8,Cities/Towns/Villages/Municipalities,Q124156023,,T2 R4 WBKP,,
US,ME,Maine,Cape Elizabeth,relation,11155161,8,Cities/Towns/Villages/Municipalities,Q1034417,,,,
US,ME,Maine,Porter,relation,12161183,8,Cities/Towns/Villages/Municipalities,Q390117,,,,
US,ME,Maine,Hiram,relation,12161927,8,Cities/Towns/Villages/Municipalities,Q3449210,,,,
US,ME,Maine,Denmark,relation,12162259,8,Cities/Towns/Villages/Municipalities,Q3476682,,,,
US,ME,Maine,Brownfield,relation,12162260,8,Cities/Towns/Villages/Municipalities,Q3450817,,,,
US,ME,Maine,Stoneham,relation,12162618,8,Cities/Towns/Villages/Municipalities,Q3448326,,,,
US,ME,Maine,Stow,relation,12162619,8,Cities/Towns/Villages/Municipalities,Q3447927,,,,
US,ME,Maine,Lovell,relation,12162620,8,Cities/Towns/Villages/Municipalities,Q3045943,,,,
US,ME,Maine,Sweden,relation,12162621,8,Cities/Towns/Villages/Municipalities,Q3450805,,,,
US,ME,Maine,Waterford,relation,12162625,8,Cities/Towns/Villages/Municipalities,Q3448821,,,,
US,ME,Maine,Baldwin,relation,12163886,8,Cities/Towns/Villages/Municipalities,Q3451711,,,,
US,ME,Maine,Hanover,relation,12165783,8,Cities/Towns/Villages/Municipalities,Q3449015,,,,
US,ME,Maine,Bethel,relation,12165784,8,Cities/Towns/Villages/Municipalities,Q3241389,,,,
US,ME,Maine,Gilead,relation,12165785,8,Cities/Towns/Villages/Municipalities,Q3448595,,,,
US,ME,Maine,Otisfield,relation,12165912,8,Cities/Towns/Villages/Municipalities,Q3448741,,,,
US,ME,Maine,Paris,relation,12165996,8,Cities/Towns/Villages/Municipalities,Q934294,,,,
US,ME,Maine,Casco,relation,12166175,8,Cities/Towns/Villages/Municipalities,Q3475558,,,,
US,ME,Maine,Sebago,relation,12166176,8,Cities/Towns/Villages/Municipalities,Q3448087,,,,
US,ME,Maine,Naples,relation,12166177,8,Cities/Towns/Villages/Municipalities,Q2361169,,,,
US,ME,Maine,Harrison,relation,12166178,8,Cities/Towns/Villages/Municipalities,Q3447863,,,,
US,ME,Maine,Scarborough,relation,12166255,8,Cities/Towns/Villages/Municipalities,Q2076311,,,,
US,ME,Maine,Long Island,relation,12166337,8,Cities/Towns/Villages/Municipalities,Q3450224,,,,
US,ME,Maine,Falmouth,relation,12166342,8,Cities/Towns/Villages/Municipalities,Q2323206,,,,
US,ME,Maine,Frye Island,relation,12166344,8,Cities/Towns/Villages/Municipalities,Q3476885,,,,
US,ME,Maine,Standish,relation,12166345,8,Cities/Towns/Villages/Municipalities,Q3346361,,,,
US,ME,Maine,Gorham,relation,12166365,8,Cities/Towns/Villages/Municipalities,Q281079,,,,
US,ME,Maine,Windham,relation,12166373,8,Cities/Towns/Villages/Municipalities,Q1628565,,,,
US,ME,Maine,Harpswell,relation,12170309,8,Cities/Towns/Villages/Municipalities,Q3448716,,,,
US,ME,Maine,Chebeague Island,relation,12170360,8,Cities/Towns/Villages/Municipalities,Q2894870,,,,
US,ME,Maine,Brunswick,relation,12170369,8,Cities/Towns/Villages/Municipalities,Q518466,,,,
US,ME,Maine,Cumberland,relation,12170670,8,Cities/Towns/Villages/Municipalities,Q475022,,,,
US,ME,Maine,Raymond,relation,12170697,8,Cities/Towns/Villages/Municipalities,Q3447575,,,,
US,ME,Maine,Pownal,relation,12171325,8,Cities/Towns/Villages/Municipalities,Q3449916,,,,
US,ME,Maine,North Yarmouth,relation,12171326,8,Cities/Towns/Villages/Municipalities,Q3448783,,,,
US,ME,Maine,New Gloucester,relation,12171327,8,Cities/Towns/Villages/Municipalities,Q3448143,,,,
US,ME,Maine,Gray,relation,12171328,8,Cities/Towns/Villages/Municipalities,Q3448132,,,,
US,ME,Maine,Minot,relation,12172400,8,Cities/Towns/Villages/Municipalities,Q3045880,,,,
US,ME,Maine,Poland,relation,12172401,8,Cities/Towns/Villages/Municipalities,Q1572109,,,,
US,ME,Maine,Hebron,relation,12172408,8,Cities/Towns/Villages/Municipalities,Q3447361,,,,
US,ME,Maine,Durham,relation,12172425,8,Cities/Towns/Villages/Municipalities,Q734972,,,,
US,ME,Maine,West Bath,relation,12172659,8,Cities/Towns/Villages/Municipalities,Q3448382,,,,
US,ME,Maine,Phippsburg,relation,12172667,8,Cities/Towns/Villages/Municipalities,Q3449666,,,,
US,ME,Maine,Georgetown,relation,12172669,8,Cities/Towns/Villages/Municipalities,Q3448154,,,,
US,ME,Maine,Arrowsic,relation,12172681,8,Cities/Towns/Villages/Municipalities,Q3451760,,,,
US,ME,Maine,Woolwich,relation,12172696,8,Cities/Towns/Villages/Municipalities,Q550193,,,,
US,ME,Maine,Lisbon,relation,12172697,8,Cities/Towns/Villages/Municipalities,Q2384470,,,,
US,ME,Maine,Topsham,relation,12180944,8,Cities/Towns/Villages/Municipalities,Q2713328,,,,
US,ME,Maine,Bowdoin,relation,12180949,8,Cities/Towns/Villages/Municipalities,Q3476833,,,,
US,ME,Maine,Bowdoinham,relation,12180955,8,Cities/Towns/Villages/Municipalities,Q3451533,,,,
US,ME,Maine,Sabattus,relation,12180979,8,Cities/Towns/Villages/Municipalities,Q3045920,,,,
US,ME,Maine,Turner,relation,12180993,8,Cities/Towns/Villages/Municipalities,Q3451014,,,,
US,ME,Maine,Leeds,relation,12180994,8,Cities/Towns/Villages/Municipalities,Q209266,,,,
US,ME,Maine,Greene,relation,12180995,8,Cities/Towns/Villages/Municipalities,Q3045933,,,,
US,ME,Maine,Wales,relation,12180996,8,Cities/Towns/Villages/Municipalities,Q209352,,,,
US,ME,Maine,Livermore,relation,12181001,8,Cities/Towns/Villages/Municipalities,Q3447637,,,,
US,ME,Maine,Greenwood,relation,12181002,8,Cities/Towns/Villages/Municipalities,Q3448256,,,,
US,ME,Maine,West Paris,relation,12181006,8,Cities/Towns/Villages/Municipalities,Q3449635,,,,
US,ME,Maine,Woodstock,relation,12181007,8,Cities/Towns/Villages/Municipalities,Q3449494,,,,
US,ME,Maine,Peru,relation,12181039,8,Cities/Towns/Villages/Municipalities,Q3449281,,,,
US,ME,Maine,Canton,relation,12181040,8,Cities/Towns/Villages/Municipalities,Q629704,,,,
US,ME,Maine,Hartford,relation,12181041,8,Cities/Towns/Villages/Municipalities,Q3450349,,,,
US,ME,Maine,Sumner,relation,12181042,8,Cities/Towns/Villages/Municipalities,Q3448371,,,,
US,ME,Maine,Buckfield,relation,12181043,8,Cities/Towns/Villages/Municipalities,Q3450596,,,,
US,ME,Maine,Byron,relation,12181047,8,Cities/Towns/Villages/Municipalities,Q3451563,,,,
US,ME,Maine,Roxbury,relation,12181048,8,Cities/Towns/Villages/Municipalities,Q3449732,,,,
US,ME,Maine,Andover,relation,12181049,8,Cities/Towns/Villages/Municipalities,Q3447418,,,,
US,ME,Maine,Carrabassett Valley,relation,12181059,8,Cities/Towns/Villages/Municipalities,Q260781,,,,
US,ME,Maine,Carthage,relation,12182403,8,Cities/Towns/Villages/Municipalities,Q3450495,,,,
US,ME,Maine,Upton,relation,12184680,8,Cities/Towns/Villages/Municipalities,Q3450483,,,,
US,ME,Maine,Rangeley,relation,12184688,8,Cities/Towns/Villages/Municipalities,Q2726439,,,,
US,ME,Maine,Kingfield,relation,12184708,8,Cities/Towns/Villages/Municipalities,Q3449790,,,,
US,ME,Maine,Madrid Township,relation,12184713,8,Cities/Towns/Villages/Municipalities,Q6728616,,,,
US,ME,Maine,Avon,relation,12184714,8,Cities/Towns/Villages/Municipalities,Q3447511,,,,
US,ME,Maine,Phillips,relation,12184715,8,Cities/Towns/Villages/Municipalities,Q669119,,,,
US,ME,Maine,Weld,relation,12184716,8,Cities/Towns/Villages/Municipalities,Q2917755,,,,
US,ME,Maine,Strong,relation,12184749,8,Cities/Towns/Villages/Municipalities,Q3449690,,,,
US,ME,Maine,Temple,relation,12184750,8,Cities/Towns/Villages/Municipalities,Q3447972,,,,
US,ME,Maine,Farmington,relation,12184751,8,Cities/Towns/Villages/Municipalities,Q2300469,,,,
US,ME,Maine,New Vineyard,relation,12184752,8,Cities/Towns/Villages/Municipalities,Q3448405,,,,
US,ME,Maine,Industry,relation,12184753,8,Cities/Towns/Villages/Municipalities,Q2726562,,,,
US,ME,Maine,New Sharon,relation,12184754,8,Cities/Towns/Villages/Municipalities,Q3448050,,,,
US,ME,Maine,Chesterville,relation,12184755,8,Cities/Towns/Villages/Municipalities,Q2610303,,,,
US,ME,Maine,Jay,relation,12184756,8,Cities/Towns/Villages/Municipalities,Q2482981,,,,
US,ME,Maine,Starks,relation,12184773,8,Cities/Towns/Villages/Municipalities,Q3449314,,,,
US,ME,Maine,Mercer,relation,12184774,8,Cities/Towns/Villages/Municipalities,Q3448582,,,,
US,ME,Maine,West Gardiner,relation,12189496,8,Cities/Towns/Villages/Municipalities,Q3447986,,,,
US,ME,Maine,Litchfield,relation,12189497,8,Cities/Towns/Villages/Municipalities,Q3447393,,,,
US,ME,Maine,Monmouth,relation,12189529,8,Cities/Towns/Villages/Municipalities,Q3450325,,,,
US,ME,Maine,Wayne,relation,12189574,8,Cities/Towns/Villages/Municipalities,Q3447478,,,,
US,ME,Maine,Rome,relation,12189624,8,Cities/Towns/Villages/Municipalities,Q3448522,,,,
US,ME,Maine,Fayette,relation,12189625,8,Cities/Towns/Villages/Municipalities,Q3447895,,,,
US,ME,Maine,Vienna,relation,12189638,8,Cities/Towns/Villages/Municipalities,Q3447534,,,,
US,ME,Maine,Mount Vernon,relation,12189650,8,Cities/Towns/Villages/Municipalities,Q3449866,,,,
US,ME,Maine,Readfield,relation,12189651,8,Cities/Towns/Villages/Municipalities,Q2041554,,,,
US,ME,Maine,Manchester,relation,12189652,8,Cities/Towns/Villages/Municipalities,Q588282,,,,
US,ME,Maine,Chelsea,relation,12189658,8,Cities/Towns/Villages/Municipalities,Q3450690,,,,
US,ME,Maine,Pittston,relation,12189659,8,Cities/Towns/Villages/Municipalities,Q3451023,,,,
US,ME,Maine,Vassalboro,relation,12189694,8,Cities/Towns/Villages/Municipalities,Q3241006,,,,
US,ME,Maine,Sidney,relation,12189695,8,Cities/Towns/Villages/Municipalities,Q3450385,,,,
US,ME,Maine,Belgrade,relation,12189696,8,Cities/Towns/Villages/Municipalities,Q2301099,,,,
US,ME,Maine,China,relation,12189764,8,Cities/Towns/Villages/Municipalities,Q3447500,,,,
US,ME,Maine,Windsor,relation,12189765,8,Cities/Towns/Villages/Municipalities,Q3449701,,,,
US,ME,Maine,Albion,relation,12189768,8,Cities/Towns/Villages/Municipalities,Q3451700,,,,
US,ME,Maine,Benton,relation,12189769,8,Cities/Towns/Villages/Municipalities,Q2880307,,,,
US,ME,Maine,Dresden,relation,12194303,8,Cities/Towns/Villages/Municipalities,Q1258457,,,,
US,ME,Maine,South Bristol,relation,12194307,8,Cities/Towns/Villages/Municipalities,Q3448061,,,,
US,ME,Maine,Bristol,relation,12194317,8,Cities/Towns/Villages/Municipalities,Q2740437,,,,
US,ME,Maine,Alna,relation,12194322,8,Cities/Towns/Villages/Municipalities,Q3476857,,,,
US,ME,Maine,Bremen,relation,12194324,8,Cities/Towns/Villages/Municipalities,Q907417,,,,
US,ME,Maine,Isle au Haut,relation,12194338,8,Cities/Towns/Villages/Municipalities,Q3449956,,,,
US,ME,Maine,Damariscotta,relation,12194346,8,Cities/Towns/Villages/Municipalities,Q2249224,,,,
US,ME,Maine,Whitefield,relation,12194347,8,Cities/Towns/Villages/Municipalities,Q3448486,,,,
US,ME,Maine,Somerville,relation,12194355,8,Cities/Towns/Villages/Municipalities,Q3449220,,,,
US,ME,Maine,Nobleboro,relation,12194356,8,Cities/Towns/Villages/Municipalities,Q975253,,,,
US,ME,Maine,Jefferson,relation,12194357,8,Cities/Towns/Villages/Municipalities,Q510871,,,,
US,ME,Maine,Newcastle,relation,12194358,8,Cities/Towns/Villages/Municipalities,Q1853982,,,,
US,ME,Maine,Vinalhaven,relation,12194361,8,Cities/Towns/Villages/Municipalities,Q3242142,,,,
US,ME,Maine,Saint George,relation,12194365,8,Cities/Towns/Villages/Municipalities,Q3453153,,,,
US,ME,Maine,Friendship,relation,12194368,8,Cities/Towns/Villages/Municipalities,Q3448496,,,,
US,ME,Maine,Cushing,relation,12194371,8,Cities/Towns/Villages/Municipalities,Q3451598,,,,
US,ME,Maine,Washington,relation,12194375,8,Cities/Towns/Villages/Municipalities,Q3448011,,,,
US,ME,Maine,Owls Head,relation,12194399,8,Cities/Towns/Villages/Municipalities,Q3449454,,,,
US,ME,Maine,South Thomaston,relation,12194403,8,Cities/Towns/Villages/Municipalities,Q3448704,,,,
US,ME,Maine,North Haven,relation,12194406,8,Cities/Towns/Villages/Municipalities,Q259043,,,,
US,ME,Maine,Thomaston,relation,12194417,8,Cities/Towns/Villages/Municipalities,Q3709204,,,,
US,ME,Maine,Warren,relation,12194418,8,Cities/Towns/Villages/Municipalities,Q2747138,,,,
US,ME,Maine,Union,relation,12194421,8,Cities/Towns/Villages/Municipalities,Q3293290,,,,
US,ME,Maine,Appleton,relation,12194422,8,Cities/Towns/Villages/Municipalities,Q2747142,,,,
US,ME,Maine,Rockport,relation,12194435,8,Cities/Towns/Villages/Municipalities,Q3448074,,,,
US,ME,Maine,Hope,relation,12194436,8,Cities/Towns/Villages/Municipalities,Q3449712,,,,
US,ME,Maine,Moose River,relation,12194519,8,Cities/Towns/Villages/Municipalities,Q3449474,,,,
US,ME,Maine,Jackman,relation,12194520,8,Cities/Towns/Villages/Municipalities,Q3045962,,,,
US,ME,Maine,Caratunk,relation,12196303,8,Cities/Towns/Villages/Municipalities,Q2881832,,,,
US,ME,Maine,Moscow,relation,12196304,8,Cities/Towns/Villages/Municipalities,Q3450448,,,,
US,ME,Maine,Solon,relation,12196305,8,Cities/Towns/Villages/Municipalities,Q3450362,,,,
US,ME,Maine,Embden,relation,12196306,8,Cities/Towns/Villages/Municipalities,Q3450664,,,,
US,ME,Maine,New Portland,relation,12196307,8,Cities/Towns/Villages/Municipalities,Q3476688,,,,
US,ME,Maine,Wellington,relation,12196310,8,Cities/Towns/Villages/Municipalities,Q3448280,,,,
US,ME,Maine,Willimantic,relation,12196411,8,Cities/Towns/Villages/Municipalities,Q3449200,,,,
US,ME,Maine,Monson,relation,12196412,8,Cities/Towns/Villages/Municipalities,Q1945298,,,,
US,ME,Maine,Abbot,relation,12196413,8,Cities/Towns/Villages/Municipalities,Q3475963,,,,
US,ME,Maine,Beaver Cove,relation,12196493,8,Cities/Towns/Villages/Municipalities,Q3451723,,,,
US,ME,Maine,Shirley,relation,12196739,8,Cities/Towns/Villages/Municipalities,Q3449779,,,,
US,ME,Maine,Swan's Island,relation,12196932,8,Cities/Towns/Villages/Municipalities,Q3183220,,,,
US,ME,Maine,Frenchboro,relation,12197033,8,Cities/Towns/Villages/Municipalities,Q3450249,,,,
US,ME,Maine,Cranberry Isles,relation,12198604,8,Cities/Towns/Villages/Municipalities,Q1138827,,,,
US,ME,Maine,Winter Harbor,relation,12198745,8,Cities/Towns/Villages/Municipalities,Q3448810,,,,
US,ME,Maine,Gouldsboro,relation,12198833,8,Cities/Towns/Villages/Municipalities,Q3449482,,,,
US,ME,Maine,Steuben,relation,12198850,8,Cities/Towns/Villages/Municipalities,Q3450396,,,,
US,ME,Maine,Milbridge,relation,12199087,8,Cities/Towns/Villages/Municipalities,Q3448024,,,,
US,ME,Maine,Harrington,relation,12199106,8,Cities/Towns/Villages/Municipalities,Q3450768,,,,
US,ME,Maine,Beals,relation,12199128,8,Cities/Towns/Villages/Municipalities,Q812925,,,,
US,ME,Maine,Addison,relation,12199129,8,Cities/Towns/Villages/Municipalities,Q3475958,,,,
US,ME,Maine,Jonesport,relation,12199165,8,Cities/Towns/Villages/Municipalities,Q3449613,,,,
US,ME,Maine,Roque Bluffs,relation,12199197,8,Cities/Towns/Villages/Municipalities,Q3448303,,,,
US,ME,Maine,Machiasport,relation,12199247,8,Cities/Towns/Villages/Municipalities,Q964749,,,,
US,ME,Maine,Cutler,relation,12199254,8,Cities/Towns/Villages/Municipalities,Q3242153,,,,
US,ME,Maine,Lubec,relation,12199300,8,Cities/Towns/Villages/Municipalities,Q1817030,,,,
US,ME,Maine,Perry,relation,12199317,8,Cities/Towns/Villages/Municipalities,Q2378622,,,,
US,ME,Maine,Robbinston,relation,12199318,8,Cities/Towns/Villages/Municipalities,Q3448571,,,,
US,ME,Maine,Pembroke,relation,12199325,8,Cities/Towns/Villages/Municipalities,Q3449624,,,,
US,ME,Maine,Dennysville,relation,12199383,8,Cities/Towns/Villages/Municipalities,Q3476720,,,,
US,ME,Maine,Cooper,relation,12199402,8,Cities/Towns/Villages/Municipalities,Q3476868,,,,
US,ME,Maine,Meddybemps,relation,12199403,8,Cities/Towns/Villages/Municipalities,Q3450151,,,,
US,ME,Maine,Charlotte,relation,12199404,8,Cities/Towns/Villages/Municipalities,Q3451590,,,,
US,ME,Maine,Alexander,relation,12199413,8,Cities/Towns/Villages/Municipalities,Q2917958,,,,
US,ME,Maine,Princeton,relation,12199416,8,Cities/Towns/Villages/Municipalities,Q3448678,,,,
US,ME,Maine,Northfield,relation,12199426,8,Cities/Towns/Villages/Municipalities,Q3678984,,,,
US,ME,Maine,Wesley,relation,12199427,8,Cities/Towns/Villages/Municipalities,Q3449601,,,,
US,ME,Maine,Crawford,relation,12199428,8,Cities/Towns/Villages/Municipalities,Q3451519,,,,
US,ME,Maine,Whiting,relation,12199430,8,Cities/Towns/Villages/Municipalities,Q3448037,,,,
US,ME,Maine,East Machias,relation,12199431,8,Cities/Towns/Villages/Municipalities,Q3451632,,,,
US,ME,Maine,Marshfield,relation,12199432,8,Cities/Towns/Villages/Municipalities,Q3448559,,,,
US,ME,Maine,Whitneyville,relation,12199435,8,Cities/Towns/Villages/Municipalities,Q3449903,,,,
US,ME,Maine,Beddington,relation,12199553,8,Cities/Towns/Villages/Municipalities,Q2918432,,,,
US,ME,Maine,Deblois,relation,12199554,8,Cities/Towns/Villages/Municipalities,Q3450606,,,,
US,ME,Maine,Cherryfield,relation,12199555,8,Cities/Towns/Villages/Municipalities,Q3451542,,,,
US,ME,Maine,Jonesboro,relation,12199625,8,Cities/Towns/Villages/Municipalities,Q3447350,,,,
US,ME,Maine,Columbia Falls,relation,12199626,8,Cities/Towns/Villages/Municipalities,Q3450701,,,,
US,ME,Maine,Columbia,relation,12199627,8,Cities/Towns/Villages/Municipalities,Q3447444,,,,
US,ME,Maine,Southwest Harbor,relation,12199634,8,Cities/Towns/Villages/Municipalities,Q3053745,,,,
US,ME,Maine,Stonington,relation,12199965,8,Cities/Towns/Villages/Municipalities,Q3448630,,,,
US,ME,Maine,Deer Isle,relation,12199972,8,Cities/Towns/Villages/Municipalities,Q3450616,,,,
US,ME,Maine,Islesboro,relation,12199978,8,Cities/Towns/Villages/Municipalities,Q3447585,,,,
US,ME,Maine,Northport,relation,12200056,8,Cities/Towns/Villages/Municipalities,Q3476943,,,,
US,ME,Maine,Lincolnville,relation,12200057,8,Cities/Towns/Villages/Municipalities,Q3476310,,,,
US,ME,Maine,Stockton Springs,relation,12200063,8,Cities/Towns/Villages/Municipalities,Q3449754,,,,
US,ME,Maine,Prospect,relation,12200064,8,Cities/Towns/Villages/Municipalities,Q3449846,,,,
US,ME,Maine,Liberty,relation,12200087,8,Cities/Towns/Villages/Municipalities,Q2888983,,,,
US,ME,Maine,Palermo,relation,12200088,8,Cities/Towns/Villages/Municipalities,Q2723804,,,,
US,ME,Maine,Searsmont,relation,12200094,8,Cities/Towns/Villages/Municipalities,Q3448358,,,,
US,ME,Maine,Morrill,relation,12200095,8,Cities/Towns/Villages/Municipalities,Q3449416,,,,
US,ME,Maine,Belmont,relation,12200096,8,Cities/Towns/Villages/Municipalities,Q3447467,,,,
US,ME,Maine,Freedom,relation,12200110,8,Cities/Towns/Villages/Municipalities,Q3447596,,,,
US,ME,Maine,Montville,relation,12200111,8,Cities/Towns/Villages/Municipalities,Q3449946,,,,
US,ME,Maine,Brooklin,relation,12200123,8,Cities/Towns/Villages/Municipalities,Q3450542,,,,
US,ME,Maine,Sedgwick,relation,12200124,8,Cities/Towns/Villages/Municipalities,Q3450300,,,,
US,ME,Maine,Bar Harbor,relation,12200125,8,Cities/Towns/Villages/Municipalities,Q1672375,,,,
US,ME,Maine,Sherman,relation,12200154,8,Cities/Towns/Villages/Municipalities,Q3448167,,,,
US,ME,Maine,Hersey,relation,12200155,8,Cities/Towns/Villages/Municipalities,Q3449879,,,,
US,ME,Maine,Crystal,relation,12200156,8,Cities/Towns/Villages/Municipalities,Q3451737,,,,
US,ME,Maine,Tremont,relation,12201618,8,Cities/Towns/Villages/Municipalities,Q3053721,,,,
US,ME,Maine,Mount Desert,relation,12201628,8,Cities/Towns/Villages/Municipalities,Q3053737,,,,
US,ME,Maine,Brooksville,relation,12201633,8,Cities/Towns/Villages/Municipalities,Q978911,,,,
US,ME,Maine,Castine,relation,12203333,8,Cities/Towns/Villages/Municipalities,Q1049333,,,,
US,ME,Maine,Blue Hill,relation,12203347,8,Cities/Towns/Villages/Municipalities,Q142486,,,,
US,ME,Maine,Troy,relation,12203414,8,Cities/Towns/Villages/Municipalities,Q3448291,,,,
US,ME,Maine,Burnham,relation,12203415,8,Cities/Towns/Villages/Municipalities,Q3447523,,,,
US,ME,Maine,Brooks,relation,12203483,8,Cities/Towns/Villages/Municipalities,Q3447608,,,,
US,ME,Maine,Knox,relation,12203484,8,Cities/Towns/Villages/Municipalities,Q3447546,,,,
US,ME,Maine,Jackson,relation,12203485,8,Cities/Towns/Villages/Municipalities,Q2890672,,,,
US,ME,Maine,Thorndike,relation,12203486,8,Cities/Towns/Villages/Municipalities,Q3449303,,,,
US,ME,Maine,Penobscot,relation,12203513,8,Cities/Towns/Villages/Municipalities,Q3476924,,,,
US,ME,Maine,Surry,relation,12203545,8,Cities/Towns/Villages/Municipalities,Q3450337,,,,
US,ME,Maine,Trenton,relation,12203546,8,Cities/Towns/Villages/Municipalities,Q2841309,,,,
US,ME,Maine,Lamoine,relation,12203581,8,Cities/Towns/Villages/Municipalities,Q3448110,,,,
US,ME,Maine,Hancock,relation,12203588,8,Cities/Towns/Villages/Municipalities,Q937074,,,,
US,ME,Maine,Franklin,relation,12203620,8,Cities/Towns/Villages/Municipalities,Q3449025,,,,
US,ME,Maine,Sullivan,relation,12203621,8,Cities/Towns/Villages/Municipalities,Q3449006,,,,
US,ME,Maine,Sorrento,relation,12203622,8,Cities/Towns/Villages/Municipalities,Q3449891,,,,
US,ME,Maine,Great Pond,relation,12203651,8,Cities/Towns/Villages/Municipalities,Q3448729,,,,
US,ME,Maine,Aurora,relation,12203652,8,Cities/Towns/Villages/Municipalities,Q3447618,,,,
US,ME,Maine,Osborn,relation,12203653,8,Cities/Towns/Villages/Municipalities,Q3448099,,,,
US,ME,Maine,Eastbrook,relation,12203654,8,Cities/Towns/Villages/Municipalities,Q3450416,,,,
US,ME,Maine,Mariaville,relation,12203727,8,Cities/Towns/Villages/Municipalities,Q3448314,,,,
US,ME,Maine,Waltham,relation,12203728,8,Cities/Towns/Villages/Municipalities,Q3450163,,,,
US,ME,Maine,Amherst,relation,12203729,8,Cities/Towns/Villages/Municipalities,Q3476837,,,,
US,ME,Maine,Monroe,relation,12203736,8,Cities/Towns/Villages/Municipalities,Q3447373,,,,
US,ME,Maine,Swanville,relation,12203737,8,Cities/Towns/Villages/Municipalities,Q3449372,,,,
US,ME,Maine,Waldo,relation,12203738,8,Cities/Towns/Villages/Municipalities,Q3450460,,,,
US,ME,Maine,Canaan,relation,12203743,8,Cities/Towns/Villages/Municipalities,Q3449048,,,,
US,ME,Maine,Athens,relation,12203746,8,Cities/Towns/Villages/Municipalities,Q3477164,,,,
US,ME,Maine,Cornville,relation,12203747,8,Cities/Towns/Villages/Municipalities,Q3449678,,,,
US,ME,Maine,Harmony,relation,12203756,8,Cities/Towns/Villages/Municipalities,Q3450865,,,,
US,ME,Maine,Hudson,relation,12203859,8,Cities/Towns/Villages/Municipalities,Q3450287,,,,
US,ME,Maine,Bradford,relation,12203860,8,Cities/Towns/Villages/Municipalities,Q3450518,,,,
US,ME,Maine,Corinth,relation,12203861,8,Cities/Towns/Villages/Municipalities,Q3450640,,,,
US,ME,Maine,Charleston,relation,12203862,8,Cities/Towns/Villages/Municipalities,Q3451575,,,,
US,ME,Maine,Exeter,relation,12203863,8,Cities/Towns/Villages/Municipalities,Q3450628,,,,
US,ME,Maine,Garland,relation,12203864,8,Cities/Towns/Villages/Municipalities,Q3447406,,,,
US,ME,Maine,Corinna,relation,12203865,8,Cities/Towns/Villages/Municipalities,Q3476947,,,,
US,ME,Maine,Saint Albans,relation,12203866,8,Cities/Towns/Villages/Municipalities,Q3449724,,,,
US,ME,Maine,Ripley,relation,12203867,8,Cities/Towns/Villages/Municipalities,Q3449799,,,,
US,ME,Maine,Cambridge,relation,12203868,8,Cities/Towns/Villages/Municipalities,Q3450679,,,,
US,ME,Maine,Parkman,relation,12203888,8,Cities/Towns/Villages/Municipalities,Q3448617,,,,
US,ME,Maine,Sangerville,relation,12203889,8,Cities/Towns/Villages/Municipalities,Q3448536,,,,
US,ME,Maine,Orland,relation,12203901,8,Cities/Towns/Villages/Municipalities,Q3447949,,,,
US,ME,Maine,Verona Island,relation,12203902,8,Cities/Towns/Villages/Municipalities,Q3449505,,,,
US,ME,Maine,Bucksport,relation,12203904,8,Cities/Towns/Villages/Municipalities,Q3448235,,,,
US,ME,Maine,Glenburn,relation,12203911,8,Cities/Towns/Villages/Municipalities,Q3449271,,,,
US,ME,Maine,Kenduskeag,relation,12203912,8,Cities/Towns/Villages/Municipalities,Q1537730,,,,
US,ME,Maine,Levant,relation,12203913,8,Cities/Towns/Villages/Municipalities,Q939860,,,,
US,ME,Maine,Stetson,relation,12203914,8,Cities/Towns/Villages/Municipalities,Q3449325,,,,
US,ME,Maine,Newport,relation,12203915,8,Cities/Towns/Villages/Municipalities,Q992483,,,,
US,ME,Maine,Palmyra,relation,12203916,8,Cities/Towns/Villages/Municipalities,Q953443,,,,
US,ME,Maine,Detroit,relation,12203917,8,Cities/Towns/Villages/Municipalities,Q2738868,,,,
US,ME,Maine,Orrington,relation,12203931,8,Cities/Towns/Villages/Municipalities,Q3449928,,,,
US,ME,Maine,Otis,relation,12203938,8,Cities/Towns/Villages/Municipalities,Q3448509,,,,
US,ME,Maine,Dedham,relation,12203939,8,Cities/Towns/Villages/Municipalities,Q3450530,,,,
US,ME,Maine,Plymouth,relation,12206834,8,Cities/Towns/Villages/Municipalities,Q3449350,,,,
US,ME,Maine,Dixmont,relation,12206883,8,Cities/Towns/Villages/Municipalities,Q3476929,,,,
US,ME,Maine,Newburgh,relation,12206884,8,Cities/Towns/Villages/Municipalities,Q3450262,,,,
US,ME,Maine,Etna,relation,12206885,8,Cities/Towns/Villages/Municipalities,Q3451773,,,,
US,ME,Maine,Carmel,relation,12206886,8,Cities/Towns/Villages/Municipalities,Q2894225,,,,
US,ME,Maine,Hermon,relation,12206887,8,Cities/Towns/Villages/Municipalities,Q2750544,,,,
US,ME,Maine,Hampden,relation,12206888,8,Cities/Towns/Villages/Municipalities,Q3458109,,,,
US,ME,Maine,Veazie,relation,12207358,8,Cities/Towns/Villages/Municipalities,Q3447884,,,,
US,ME,Maine,Passadumkeag,relation,12207600,8,Cities/Towns/Villages/Municipalities,Q3450216,,,,
US,ME,Maine,Edinburg,relation,12207601,8,Cities/Towns/Villages/Municipalities,Q3450426,,,,
US,ME,Maine,Lagrange,relation,12207602,8,Cities/Towns/Villages/Municipalities,Q3452417,,,,
US,ME,Maine,Bradley,relation,12207603,8,Cities/Towns/Villages/Municipalities,Q3447431,,,,
US,ME,Maine,Clifton,relation,12207604,8,Cities/Towns/Villages/Municipalities,Q3450714,,,,
US,ME,Maine,Eddington,relation,12207605,8,Cities/Towns/Villages/Municipalities,Q3476939,,,,
US,ME,Maine,Holden,relation,12207606,8,Cities/Towns/Villages/Municipalities,Q3449464,,,,
US,ME,Maine,Greenbush,relation,12207607,8,Cities/Towns/Villages/Municipalities,Q3449824,,,,
US,ME,Maine,Alton,relation,12207608,8,Cities/Towns/Villages/Municipalities,Q972586,,,,
US,ME,Maine,Lakeville,relation,12208111,8,Cities/Towns/Villages/Municipalities,Q939622,,,,
US,ME,Maine,Springfield,relation,12208112,8,Cities/Towns/Villages/Municipalities,Q3447567,,,,
US,ME,Maine,Lee,relation,12208113,8,Cities/Towns/Villages/Municipalities,Q3450274,,,,
US,ME,Maine,Winn,relation,12208114,8,Cities/Towns/Villages/Municipalities,Q3448768,,,,
US,ME,Maine,Mattawamkeag,relation,12208115,8,Cities/Towns/Villages/Municipalities,Q3449035,,,,
US,ME,Maine,Medway,relation,12208116,8,Cities/Towns/Villages/Municipalities,Q3678997,,,,
US,ME,Maine,Woodville,relation,12208117,8,Cities/Towns/Villages/Municipalities,Q2750531,,,,
US,ME,Maine,Chester,relation,12208118,8,Cities/Towns/Villages/Municipalities,Q955392,,,,
US,ME,Maine,Burlington,relation,12208119,8,Cities/Towns/Villages/Municipalities,Q3451553,,,,
US,ME,Maine,Lowell,relation,12208120,8,Cities/Towns/Villages/Municipalities,Q3450176,,,,
US,ME,Maine,Enfield,relation,12208121,8,Cities/Towns/Villages/Municipalities,Q3450313,,,,
US,ME,Maine,Maxfield,relation,12208122,8,Cities/Towns/Villages/Municipalities,Q3449766,,,,
US,ME,Maine,Medford,relation,12208123,8,Cities/Towns/Villages/Municipalities,Q3292713,,,,
US,ME,Maine,Brownville,relation,12208124,8,Cities/Towns/Villages/Municipalities,Q991311,,,,
US,ME,Maine,Sebec,relation,12208125,8,Cities/Towns/Villages/Municipalities,Q3449181,,,,
US,ME,Maine,Bowerbank,relation,12208126,8,Cities/Towns/Villages/Municipalities,Q3476934,,,,
US,ME,Maine,Waite,relation,12208148,8,Cities/Towns/Villages/Municipalities,Q928056,,,,
US,ME,Maine,Talmadge,relation,12208149,8,Cities/Towns/Villages/Municipalities,Q3447961,,,,
US,ME,Maine,Topsfield,relation,12208150,8,Cities/Towns/Villages/Municipalities,Q3450472,,,,
US,ME,Maine,Vanceboro,relation,12208156,8,Cities/Towns/Villages/Municipalities,Q2990309,,,,
US,ME,Maine,Danforth,relation,12208160,8,Cities/Towns/Villages/Municipalities,Q3449517,,,,
US,ME,Maine,Haynesville,relation,12212067,8,Cities/Towns/Villages/Municipalities,Q3449118,,,,
US,ME,Maine,Amity,relation,12212068,8,Cities/Towns/Villages/Municipalities,Q472494,,,,
US,ME,Maine,Orient,relation,12212069,8,Cities/Towns/Villages/Municipalities,Q3450139,,,,
US,ME,Maine,Weston,relation,12212070,8,Cities/Towns/Villages/Municipalities,Q3450191,,,,
US,ME,Maine,Merrill,relation,12216291,8,Cities/Towns/Villages/Municipalities,Q3448756,,,,
US,ME,Maine,Dyer Brook,relation,12216292,8,Cities/Towns/Villages/Municipalities,Q3451619,,,,
US,ME,Maine,Island Falls,relation,12216293,8,Cities/Towns/Villages/Municipalities,Q3449660,,,,
US,ME,Maine,Smyrna,relation,12218538,8,Cities/Towns/Villages/Municipalities,Q3449430,,,,
US,ME,Maine,Oakfield,relation,12218539,8,Cities/Towns/Villages/Municipalities,Q3449230,,,,
US,ME,Maine,Hammond,relation,12218562,8,Cities/Towns/Villages/Municipalities,Q3449647,,,,
US,ME,Maine,Ludlow,relation,12218563,8,Cities/Towns/Villages/Municipalities,Q3448121,,,,
US,ME,Maine,New Limerick,relation,12218564,8,Cities/Towns/Villages/Municipalities,Q3449541,,,,
US,ME,Maine,Linneus,relation,12218565,8,Cities/Towns/Villages/Municipalities,Q595859,,,,
US,ME,Maine,Hodgdon,relation,12218650,8,Cities/Towns/Villages/Municipalities,Q3678989,,,,
US,ME,Maine,Littleton,relation,12218665,8,Cities/Towns/Villages/Municipalities,Q3448394,,,,
US,ME,Maine,Portage Lake,relation,12218678,8,Cities/Towns/Villages/Municipalities,Q3447916,,,,
US,ME,Maine,Ashland,relation,12218679,8,Cities/Towns/Villages/Municipalities,Q725566,,,,
US,ME,Maine,Masardis,relation,12218735,8,Cities/Towns/Villages/Municipalities,Q3448474,,,,
US,ME,Maine,Castle Hill,relation,12218933,8,Cities/Towns/Villages/Municipalities,Q221833,,,,
US,ME,Maine,Monticello,relation,12218972,8,Cities/Towns/Villages/Municipalities,Q3448605,,,,
US,ME,Maine,Bridgewater,relation,12218973,8,Cities/Towns/Villages/Municipalities,Q913937,,,,
US,ME,Maine,Allagash,relation,12219006,8,Cities/Towns/Villages/Municipalities,Q2305740,,,,
US,ME,Maine,Chapman,relation,12219052,8,Cities/Towns/Villages/Municipalities,Q1062755,,,,
US,ME,Maine,Wallagrass,relation,12219111,8,Cities/Towns/Villages/Municipalities,Q3449967,,,,
US,ME,Maine,Saint Francis,relation,12219698,8,Cities/Towns/Villages/Municipalities,Q1799266,,,,
US,ME,Maine,Eagle Lake,relation,12219699,8,Cities/Towns/Villages/Municipalities,Q1276791,,,,
US,ME,Maine,New Canada,relation,12219718,8,Cities/Towns/Villages/Municipalities,Q3450204,,,,
US,ME,Maine,Mapleton,relation,12219725,8,Cities/Towns/Villages/Municipalities,Q3449937,,,,
US,ME,Maine,Wade,relation,12221617,8,Cities/Towns/Villages/Municipalities,Q3449188,,,,
US,ME,Maine,Washburn,relation,12221620,8,Cities/Towns/Villages/Municipalities,Q3447904,,,,
US,ME,Maine,Perham,relation,12221638,8,Cities/Towns/Villages/Municipalities,Q3449381,,,,
US,ME,Maine,Woodland,relation,12221652,8,Cities/Towns/Villages/Municipalities,Q4563194,,,,
US,ME,Maine,Blaine,relation,12221667,8,Cities/Towns/Villages/Municipalities,Q881120,,,,
US,ME,Maine,Mars Hill,relation,12221684,8,Cities/Towns/Villages/Municipalities,Q3449060,,,,
US,ME,Maine,Easton,relation,12221685,8,Cities/Towns/Villages/Municipalities,Q3450654,,,,
US,ME,Maine,Westfield,relation,12221690,8,Cities/Towns/Villages/Municipalities,Q3450237,,,,
US,ME,Maine,Westmanland,relation,12222290,8,Cities/Towns/Villages/Municipalities,Q3449858,,,,
US,ME,Maine,New Sweden,relation,12222299,8,Cities/Towns/Villages/Municipalities,Q276559,,,,
US,ME,Maine,Stockholm,relation,12222317,8,Cities/Towns/Villages/Municipalities,Q3447382,,,,
US,ME,Maine,Hamlin,relation,12222364,8,Cities/Towns/Villages/Municipalities,Q3057636,,,,
US,ME,Maine,Caswell,relation,12222365,8,Cities/Towns/Villages/Municipalities,Q252534,,,,
US,ME,Maine,Albany Township,relation,12226834,8,Cities/Towns/Villages/Municipalities,Q124156305,,,,
US,ME,Maine,Mason Township,relation,12226840,8,Cities/Towns/Villages/Municipalities,Q124156306,,,,
US,ME,Maine,Batchelders Grant Township,relation,12226841,8,Cities/Towns/Villages/Municipalities,Q124156307,,,,
US,ME,Maine,Washington Township,relation,12226842,8,Cities/Towns/Villages/Municipalities,Q124156024,,,,
US,ME,Maine,Perkins Township,relation,12226843,8,Cities/Towns/Villages/Municipalities,Q124177883,,T7 R3 NBPP,,
US,ME,Maine,Township 6 North of Weld,relation,12226844,8,Cities/Towns/Villages/Municipalities,Q124156025,,,,
US,ME,Maine,Township E,relation,12226853,8,Cities/Towns/Villages/Municipalities,Q124156026,,,,
US,ME,Maine,Township D,relation,12226854,8,Cities/Towns/Villages/Municipalities,Q124156027,,,,
US,ME,Maine,Riley Township,relation,12226859,8,Cities/Towns/Villages/Municipalities,Q124156308,,,,
US,ME,Maine,Grafton Township,relation,12226864,8,Cities/Towns/Villages/Municipalities,Q124156309,,,,
US,ME,Maine,Andover West Surplus Township,relation,12226868,8,Cities/Towns/Villages/Municipalities,Q124156310,,,,
US,ME,Maine,Andover North Surplus Township,relation,12226869,8,Cities/Towns/Villages/Municipalities,Q124156311,,,,
US,ME,Maine,C Surplus,relation,12226873,8,Cities/Towns/Villages/Municipalities,Q124156312,,,,
US,ME,Maine,Township C,relation,12226874,8,Cities/Towns/Villages/Municipalities,Q124156313,,,,
US,ME,Maine,TA R11 WELS,relation,12226884,8,Cities/Towns/Villages/Municipalities,Q124156132,,,,
US,ME,Maine,Milton Township,relation,12226889,8,Cities/Towns/Villages/Municipalities,Q6860925,,,,
US,ME,Maine,Magalloway Plantation,relation,12226891,8,Cities/Towns/Villages/Municipalities,Q6729645,,,,
US,ME,Maine,Lincoln Plantation,relation,12226893,8,Cities/Towns/Villages/Municipalities,Q9022698,,,,
US,ME,Maine,Rangeley Plantation,relation,12226914,8,Cities/Towns/Villages/Municipalities,Q7292731,,,,
US,ME,Maine,Richardsontown Township,relation,12226915,8,Cities/Towns/Villages/Municipalities,Q124156314,,T4 R1 WBKP,,
US,ME,Maine,Sandy River Plantation,relation,12226916,8,Cities/Towns/Villages/Municipalities,Q7417450,,,,
US,ME,Maine,Adamstown Township,relation,12226920,8,Cities/Towns/Villages/Municipalities,Q124156315,,T4 R2 WBKP,,
US,ME,Maine,Parkertown Township,relation,12230622,8,Cities/Towns/Villages/Municipalities,Q124156316,,T5 R3 WBKP,,
US,ME,Maine,Lynchtown Township,relation,12230636,8,Cities/Towns/Villages/Municipalities,Q124156318,,T5 R4 WBKP,,
US,ME,Maine,Parmachenee Township,relation,12230642,8,Cities/Towns/Villages/Municipalities,Q124156319,,T5 R5 WBKP,,
US,ME,Maine,Bowmantown Township,relation,12230648,8,Cities/Towns/Villages/Municipalities,Q124156320,,T4 R6 WBKP,,
US,ME,Maine,Oxbow Township,relation,12230652,8,Cities/Towns/Villages/Municipalities,Q124156321,,T4 R5 WBKP,,
US,ME,Maine,Lower Cupsuptic Township,relation,12230656,8,Cities/Towns/Villages/Municipalities,Q124156323,,T4 R3 WBKP,,
US,ME,Maine,Upper Cupsuptic Township,relation,12230657,8,Cities/Towns/Villages/Municipalities,Q124156324,,T4 R4 WBKPT4 R4 WBKP,,
US,ME,Maine,Massachusetts Gore,relation,12230665,8,Cities/Towns/Villages/Municipalities,Q124156028,,T3 R6 WBKP,,
US,ME,Maine,Coburn Gore,relation,12230672,8,Cities/Towns/Villages/Municipalities,Q122598175,,Gore North of T2 & 3 R6 WBKP,,
US,ME,Maine,Seven Ponds Township,relation,12230677,8,Cities/Towns/Villages/Municipalities,Q124156029,,T3 R5 WBKP,,
US,ME,Maine,Stetsontown Township,relation,12230678,8,Cities/Towns/Villages/Municipalities,Q124156030,,T3 R4 WBK,,
US,ME,Maine,Davis Township,relation,12230680,8,Cities/Towns/Villages/Municipalities,Q124156031,,T3 R3 WBKP,,
US,ME,Maine,Unity Township,relation,12230682,8,Cities/Towns/Villages/Municipalities,Q5495282,,,,
US,ME,Maine,Dallas Plantation,relation,12230684,8,Cities/Towns/Villages/Municipalities,Q5211380,,,,
US,ME,Maine,Lang Township,relation,12230691,8,Cities/Towns/Villages/Municipalities,Q124156032,,T2 R3 WBKP,,
US,ME,Maine,Freeman Township,relation,12230695,8,Cities/Towns/Villages/Municipalities,Q124156033,,,,
US,ME,Maine,Salem Township,relation,12230733,8,Cities/Towns/Villages/Municipalities,Q124156034,,,,
US,ME,Maine,Mount Abram Township,relation,12230734,8,Cities/Towns/Villages/Municipalities,Q124156035,,T4 R1 BKP WKR,,
US,ME,Maine,Redington Township,relation,12230738,8,Cities/Towns/Villages/Municipalities,Q124156036,,T1 R2 WBKP,,
US,ME,Maine,Coplin Plantation,relation,12238667,8,Cities/Towns/Villages/Municipalities,Q5168640,,,,
US,ME,Maine,Wyman Township,relation,12238669,8,Cities/Towns/Villages/Municipalities,Q124156037,,T4 R3 BKP WKR,,
US,ME,Maine,Eustis,relation,12238847,8,Cities/Towns/Villages/Municipalities,Q3448450,,,,
US,ME,Maine,Jim Pond Township,relation,12238947,8,Cities/Towns/Villages/Municipalities,Q124156038,,T1 R5 WBKP,,
US,ME,Maine,Alder Stream Township,relation,12238948,8,Cities/Towns/Villages/Municipalities,Q124156039,,T2 R5 WBKP,,
US,ME,Maine,Kibby Township,relation,12238949,8,Cities/Towns/Villages/Municipalities,Q124156040,,T1 R6 WBK,,
US,ME,Maine,Lowelltown Township,relation,12238950,8,Cities/Towns/Villages/Municipalities,Q124156041,,T1 R8 WBKP,,
US,ME,Maine,Skinner Township,relation,12238951,8,Cities/Towns/Villages/Municipalities,Q124156042,,T1 R7 WBKP,,
US,ME,Maine,Bigelow Township,relation,12238952,8,Cities/Towns/Villages/Municipalities,Q124156047,,T4 R3 BKP WKR,,
US,ME,Maine,Flagstaff Township,relation,12238957,8,Cities/Towns/Villages/Municipalities,Q124156048,,T4 R4 BKP WKR,,
US,ME,Maine,Concord Township,relation,12241513,8,Cities/Towns/Villages/Municipalities,Q5158750,,,,
US,ME,Maine,Gorham Gore,relation,12241912,8,Cities/Towns/Villages/Municipalities,Q124156043,,Gore North of T1 R8 WBKP,,
US,ME,Maine,Beattie Township,relation,12241913,8,Cities/Towns/Villages/Municipalities,Q124156044,,T2 R8 WBK,,
US,ME,Maine,Merrill Strip Township,relation,12241914,8,Cities/Towns/Villages/Municipalities,Q124156045,,T2 R7 WBKP,,
US,ME,Maine,Chain of Ponds Township,relation,12241915,8,Cities/Towns/Villages/Municipalities,Q124156046,,T2 R6 WBKP,,
US,ME,Maine,Lexington Township,relation,12241931,8,Cities/Towns/Villages/Municipalities,Q13479877,,T2 R1 BKP WKR,,
US,ME,Maine,Brighton Plantation,relation,12241963,8,Cities/Towns/Villages/Municipalities,Q4967705,,,,
US,ME,Maine,Highland Plantation,relation,12241981,8,Cities/Towns/Villages/Municipalities,Q5759044,,,,
US,ME,Maine,Pleasant Ridge Plantation,relation,12241985,8,Cities/Towns/Villages/Municipalities,Q7203940,,,,
US,ME,Maine,Orneville Township,relation,12242009,8,Cities/Towns/Villages/Municipalities,Q124156133,,,,
US,ME,Maine,Atkinson Township,relation,12242010,8,Cities/Towns/Villages/Municipalities,Q124156134,,,,
US,ME,Maine,T9 SD BPP Township,relation,12242031,8,Cities/Towns/Villages/Municipalities,Q124156325,,,,
US,ME,Maine,T7 SD BPP Township,relation,12242036,8,Cities/Towns/Villages/Municipalities,Q124156326,,,,
US,ME,Maine,T10 SD BPP Township,relation,12242060,8,Cities/Towns/Villages/Municipalities,Q124156327,,,,
US,ME,Maine,T16 MD BPP Township,relation,12242061,8,Cities/Towns/Villages/Municipalities,Q124156328,,,,
US,ME,Maine,T22 MD BPP Township,relation,12242063,8,Cities/Towns/Villages/Municipalities,Q124156330,,,,
US,ME,Maine,Devereaux Township,relation,12242083,8,Cities/Towns/Villages/Municipalities,Q124155984,,T29 Middle Division,,
US,ME,Maine,Centerville Township,relation,12242180,8,Cities/Towns/Villages/Municipalities,Q124155985,,,,
US,ME,Maine,Argyle Township,relation,12242190,8,Cities/Towns/Villages/Municipalities,Q124156274,,,,
US,ME,Maine,Kingsbury Plantation,relation,12242907,8,Cities/Towns/Villages/Municipalities,Q5406243,,,,
US,ME,Maine,Blanchard Township,relation,12242908,8,Cities/Towns/Villages/Municipalities,Q8248652,,,,
US,ME,Maine,Mayfield Township,relation,12242909,8,Cities/Towns/Villages/Municipalities,Q124156049,,T2 R2 BKP EKR,,
US,ME,Maine,Bald Mountain Township,relation,12242912,8,Cities/Towns/Villages/Municipalities,Q124156050,,T2 R3 BKP EKR,,
US,ME,Maine,The Forks,relation,12242915,8,Cities/Towns/Villages/Municipalities,Q6144468,,,,
US,ME,Maine,East Moxie Township,relation,12242917,8,Cities/Towns/Villages/Municipalities,Q124156051,,T2 R4 BKP EKR,,
US,ME,Maine,Barnard Township,relation,12242930,8,Cities/Towns/Villages/Municipalities,Q124156135,,,,
US,ME,Maine,Williamsburg Township,relation,12242936,8,Cities/Towns/Villages/Municipalities,Q124156136,,T6 R8 NWP,,
US,ME,Maine,Lake View Plantation,relation,12242938,8,Cities/Towns/Villages/Municipalities,Q9020076,,,,
US,ME,Maine,T4 R9 NWP,relation,12242940,8,Cities/Towns/Villages/Municipalities,Q124156137,,,,
US,ME,Maine,Fletchers Landing Township,relation,12242978,8,Cities/Towns/Villages/Municipalities,Q124156331,,,,
US,ME,Maine,Carrying Place Township,relation,12243149,8,Cities/Towns/Villages/Municipalities,Q124156052,,T1 R3 BKP WKR,,
US,ME,Maine,Carrying Place Town Township,relation,12243150,8,Cities/Towns/Villages/Municipalities,Q124156053,,T2 R3 BKP WKR,,
US,ME,Maine,Dead River Township,relation,12243151,8,Cities/Towns/Villages/Municipalities,Q124156054,,T3 R3 BKP WKR,,
US,ME,Maine,Edmunds Township,relation,12243152,8,Cities/Towns/Villages/Municipalities,Q124155986,,,,
US,ME,Maine,Marion Township,relation,12243153,8,Cities/Towns/Villages/Municipalities,Q124155987,,,,
US,ME,Maine,Cathance Township,relation,12243154,8,Cities/Towns/Villages/Municipalities,Q124155988,,,,
US,ME,Maine,T19 ED BPP,relation,12243157,8,Cities/Towns/Villages/Municipalities,Q124155989,,,,
US,ME,Maine,Berry Township,relation,12243158,8,Cities/Towns/Villages/Municipalities,Q124155990,,,,
US,ME,Maine,Grand Falls Township,relation,12243161,8,Cities/Towns/Villages/Municipalities,Q124156275,,,,
US,ME,Maine,Summit Township,relation,12243162,8,Cities/Towns/Villages/Municipalities,Q124156276,,T1 North Division,,
US,ME,Maine,Greenfield Township,relation,12243163,8,Cities/Towns/Villages/Municipalities,Q124156277,,,,
US,ME,Maine,T39 MD BPP,relation,12243165,8,Cities/Towns/Villages/Municipalities,Q124156332,,,,
US,ME,Maine,Pukakon Township,relation,12243170,8,Cities/Towns/Villages/Municipalities,Q124156278,,Whitney;T5 R1 NBPP,,
US,ME,Maine,T32 MD BPP,relation,12243175,8,Cities/Towns/Villages/Municipalities,Q124156333,,,,
US,ME,Maine,Oqiton Township,relation,12243200,8,Cities/Towns/Villages/Municipalities,Q124156334,,,,
US,ME,Maine,T41 MD BPP,relation,12243201,8,Cities/Towns/Villages/Municipalities,Q124156335,,,,
US,ME,Maine,T35 MD BPP,relation,12243202,8,Cities/Towns/Villages/Municipalities,Q124156336,,,,
US,ME,Maine,T3 ND BPP,relation,12243203,8,Cities/Towns/Villages/Municipalities,Q124156337,,,,
US,ME,Maine,T40 MD BPP,relation,12243204,8,Cities/Towns/Villages/Municipalities,Q124156338,,,,
US,ME,Maine,T34 MD BPP,relation,12243205,8,Cities/Towns/Villages/Municipalities,Q124156339,,,,
US,ME,Maine,T28 MD BPP,relation,12243206,8,Cities/Towns/Villages/Municipalities,Q124156340,,,,
US,ME,Maine,Mattamiscontis Township,relation,12243211,8,Cities/Towns/Villages/Municipalities,Q124156279,,T1 R7 NWP,,
US,ME,Maine,Seboeis Plantation,relation,12243213,8,Cities/Towns/Villages/Municipalities,Q543017,,,,
US,ME,Maine,T2 R8 NWP,relation,12243214,8,Cities/Towns/Villages/Municipalities,Q124156280,,,,
US,ME,Maine,Cedar Lake Township,relation,12243216,8,Cities/Towns/Villages/Municipalities,Q124156281,,,,
US,ME,Maine,T2 R9 NWP,relation,12243217,8,Cities/Towns/Villages/Municipalities,Q124156282,,,,
US,ME,Maine,T19 MD BPP,relation,12243220,8,Cities/Towns/Villages/Municipalities,Q124155992,,,,
US,ME,Maine,T18 MD BPP,relation,12243221,8,Cities/Towns/Villages/Municipalities,Q124155993,,,,
US,ME,Maine,T25 MD BPP,relation,12243223,8,Cities/Towns/Villages/Municipalities,Q124155994,,,,
US,ME,Maine,T24 MD BPP,relation,12243224,8,Cities/Towns/Villages/Municipalities,Q124155995,,,,
US,ME,Maine,T26 ED BPP,relation,12243230,8,Cities/Towns/Villages/Municipalities,Q124155997,,,,
US,ME,Maine,T30 MD BPP,relation,12243232,8,Cities/Towns/Villages/Municipalities,Q124155998,,,,
US,ME,Maine,Day Block Township,relation,12243233,8,Cities/Towns/Villages/Municipalities,Q124155999,,,,
US,ME,Maine,Greenlaw Chopping Township,relation,12243235,8,Cities/Towns/Villages/Municipalities,Q124156000,,,,
US,ME,Maine,Big Lake Township,relation,12243255,8,Cities/Towns/Villages/Municipalities,Q124156001,,,,
US,ME,Maine,T36 MD BPP,relation,12243261,8,Cities/Towns/Villages/Municipalities,Q124156002,,,,
US,ME,Maine,T42 MD BPP,relation,12243264,8,Cities/Towns/Villages/Municipalities,Q124156003,,,,
US,ME,Maine,Sakom Township,relation,12243265,8,Cities/Towns/Villages/Municipalities,Q124156004,,,,
US,ME,Maine,T37 MD BPP,relation,12243266,8,Cities/Towns/Villages/Municipalities,Q124156005,,,,
US,ME,Maine,T43 MD BPP,relation,12243267,8,Cities/Towns/Villages/Municipalities,Q124156006,,,,
US,ME,Maine,Grand Lake Stream,relation,12243271,8,Cities/Towns/Villages/Municipalities,Q8964942,,,,
US,ME,Maine,T6 ND BPP,relation,12243279,8,Cities/Towns/Villages/Municipalities,Q124156007,,,,
US,ME,Maine,T6 R1 NBPP,relation,12243280,8,Cities/Towns/Villages/Municipalities,Q124156008,,,,
US,ME,Maine,Twombly Ridge,relation,12243290,8,Cities/Towns/Villages/Municipalities,Q6154186,,T3 R1 NBPP,,
US,ME,Maine,Carroll Plantation,relation,12245887,8,Cities/Towns/Villages/Municipalities,Q5046612,,,,
US,ME,Maine,Webster Plantation,relation,12245889,8,Cities/Towns/Villages/Municipalities,Q9095699,,,,
US,ME,Maine,Kingman Township,relation,12245892,8,Cities/Towns/Villages/Municipalities,Q124156283,,,,
US,ME,Maine,Codyville Township,relation,12246073,8,Cities/Towns/Villages/Municipalities,Q124156009,,,,
US,ME,Maine,Fowler Township,relation,12246784,8,Cities/Towns/Villages/Municipalities,Q124156010,,T1 R1 TS,,
US,ME,Maine,Dyer Township,relation,12246793,8,Cities/Towns/Villages/Municipalities,Q124156011,,T1 R2 TS,,
US,ME,Maine,Baring Plantation,relation,12246819,8,Cities/Towns/Villages/Municipalities,Q4860769,,,,
US,ME,Maine,Lambert Lake Township,relation,12246820,8,Cities/Towns/Villages/Municipalities,Q124156012,,T1 R3 TS,,
US,ME,Maine,Forest City Township,relation,12246829,8,Cities/Towns/Villages/Municipalities,Q124156013,,T9 R4 NBPP,,
US,ME,Maine,Hillgove Township,relation,12246834,8,Cities/Towns/Villages/Municipalities,Q124156014,,T11 R3 NBPP,,
US,ME,Maine,Forest Township,relation,12246842,8,Cities/Towns/Villages/Municipalities,Q124156015,,T10 R3 NBPP,,
US,ME,Maine,Brookton Township,relation,12246843,8,Cities/Towns/Villages/Municipalities,Q124156016,,,,
US,ME,Maine,Kossuth Township,relation,12246845,8,Cities/Towns/Villages/Municipalities,Q124156017,,T7 R2 NBPP,,
US,ME,Maine,T8 R3 NBPP,relation,12246849,8,Cities/Towns/Villages/Municipalities,Q124156020,,,,
US,ME,Maine,T8 R4 NBPP,relation,12246850,8,Cities/Towns/Villages/Municipalities,Q124156021,,,,
US,ME,Maine,Prentiss Township,relation,12246853,8,Cities/Towns/Villages/Municipalities,Q124156284,,T7 R3 NBPP,,
US,ME,Maine,Drew Township,relation,12246855,8,Cities/Towns/Villages/Municipalities,Q5307268,,,,
US,ME,Maine,Bancroft Township,relation,12246870,8,Cities/Towns/Villages/Municipalities,Q806219,,,,
US,ME,Maine,Reed Plantation,relation,12246908,8,Cities/Towns/Villages/Municipalities,Q7306687,,,,
US,ME,Maine,Forkstown Township,relation,12246909,8,Cities/Towns/Villages/Municipalities,Q124156341,,3 R2 WELS,,
US,ME,Maine,Cary Township,relation,12246912,8,Cities/Towns/Villages/Municipalities,Q124156342,,,,
US,ME,Maine,TA R2 WELS,relation,12246914,8,Cities/Towns/Villages/Municipalities,Q124156343,,,,
US,ME,Maine,T4 R3 WELS,relation,12246915,8,Cities/Towns/Villages/Municipalities,Q124156344,,,,
US,ME,Maine,Glenwood Plantation,relation,12246946,8,Cities/Towns/Villages/Municipalities,Q5554072,,,,
US,ME,Maine,Bragg Tract,relation,12246947,8,Cities/Towns/Villages/Municipalities,Q124156345,,T3 R3 WELS,,
US,ME,Maine,T3 R4 WELS,relation,12246954,8,Cities/Towns/Villages/Municipalities,Q124156346,,,,
US,ME,Maine,Silver Ridge Township,relation,12246959,8,Cities/Towns/Villages/Municipalities,Q124156347,,,,
US,ME,Maine,T2 R4 WELS,relation,12246966,8,Cities/Towns/Villages/Municipalities,Q124156348,,,,
US,ME,Maine,Upper Molunkus Township,relation,12246971,8,Cities/Towns/Villages/Municipalities,Q124156350,,T1 R4 WELS,,
US,ME,Maine,North Yarmouth Academy Grant Township,relation,12246974,8,Cities/Towns/Villages/Municipalities,Q124156351,,T1 R4 WELS,,
US,ME,Maine,Macwahoc Plantation,relation,12246982,8,Cities/Towns/Villages/Municipalities,Q6725859,,,,
US,ME,Maine,Benedicta Township,relation,12246988,8,Cities/Towns/Villages/Municipalities,Q124156352,,,,
US,ME,Maine,T1 R5 WELS,relation,12247002,8,Cities/Towns/Villages/Municipalities,Q124156353,,,,
US,ME,Maine,Molunkus Township,relation,12247003,8,Cities/Towns/Villages/Municipalities,Q124161496,,TA R5 WELS,,
US,ME,Maine,T1 R6 WELS,relation,12247006,8,Cities/Towns/Villages/Municipalities,Q124156285,,,,
US,ME,Maine,Herseytown Township,relation,12247009,8,Cities/Towns/Villages/Municipalities,Q124156286,,T2 R6 WELS,,
US,ME,Maine,Soldiertown Township,relation,12247012,8,Cities/Towns/Villages/Municipalities,Q124156287,,T2 R7 WELS,,
US,ME,Maine,T11 R4 WELS,relation,12247026,8,Cities/Towns/Villages/Municipalities,Q124156354,,,,
US,ME,Maine,Cox Patent,relation,12247028,8,Cities/Towns/Villages/Municipalities,Q124156355,,D R2 WELS,,
US,ME,Maine,E Township,relation,12247031,8,Cities/Towns/Villages/Municipalities,Q124156356,,,,
US,ME,Maine,Connor Township,relation,12247036,8,Cities/Towns/Villages/Municipalities,Q124156358,,,,
US,ME,Maine,Cyr Plantation,relation,12247049,8,Cities/Towns/Villages/Municipalities,Q5200569,,,,
US,ME,Maine,Van Buren Cove Township,relation,12247050,8,Cities/Towns/Villages/Municipalities,Q124156359,,,,
US,ME,Maine,Saint John Plantation,relation,12247055,8,Cities/Towns/Villages/Municipalities,Q3463901,,,,
US,ME,Maine,T16 R8 WELS,relation,12247060,8,Cities/Towns/Villages/Municipalities,Q124156360,,,,
US,ME,Maine,Sinclair Township,relation,12247066,8,Cities/Towns/Villages/Municipalities,Q124156361,,17 R4 WELS;Long Lake Shore,,
US,ME,Maine,Cross Lake Township,relation,12247068,8,Cities/Towns/Villages/Municipalities,Q124156362,,,,
US,ME,Maine,Madawaska Lake Township,relation,12247069,8,Cities/Towns/Villages/Municipalities,Q124156363,,,,
US,ME,Maine,T13 R5 WELS,relation,12247071,8,Cities/Towns/Villages/Municipalities,Q124156364,,,,
US,ME,Maine,T18 R10 WELS,relation,12247194,8,Cities/Towns/Villages/Municipalities,Q124156365,,,,
US,ME,Maine,T19 R11 WELS,relation,12247195,8,Cities/Towns/Villages/Municipalities,Q124156366,,,,
US,ME,Maine,T18 R11 WELS,relation,12247220,8,Cities/Towns/Villages/Municipalities,Q124156367,,,,
US,ME,Maine,Upper Shin Pond,relation,12250373,8,Cities/Towns/Villages/Municipalities,Q124156288,,T5 R7 WELS,,
US,ME,Maine,T8 R7 WELS,relation,12250595,8,Cities/Towns/Villages/Municipalities,Q124156290,,,,
US,ME,Maine,T7 R7 WELS,relation,12250596,8,Cities/Towns/Villages/Municipalities,Q124156291,,,,
US,ME,Maine,T6 R7 WELS,relation,12250597,8,Cities/Towns/Villages/Municipalities,Q124156292,,,,
US,ME,Maine,T8 R6 WELS,relation,12250598,8,Cities/Towns/Villages/Municipalities,Q124156293,,,,
US,ME,Maine,T7 R6 WELS,relation,12250599,8,Cities/Towns/Villages/Municipalities,Q124156294,,,,
US,ME,Maine,Lower Shin Pond,relation,12250600,8,Cities/Towns/Villages/Municipalities,Q124156295,,T6 R6 WELS,,
US,ME,Maine,Moro Plantation,relation,12250601,8,Cities/Towns/Villages/Municipalities,Q6913072,,,,
US,ME,Maine,TD R2 WELS,relation,12250602,8,Cities/Towns/Villages/Municipalities,Q124156368,,,,
US,ME,Maine,TC R2 WELS,relation,12250603,8,Cities/Towns/Villages/Municipalities,Q124156369,,,,
US,ME,Maine,T19 R12 WELS,relation,12250607,8,Cities/Towns/Villages/Municipalities,Q124156370,,,,
US,ME,Maine,Big Twenty Township,relation,12250608,8,Cities/Towns/Villages/Municipalities,Q4906621,,20 R11 & 12 WELS,,
US,ME,Maine,T17 R14 WELS,relation,12250610,8,Cities/Towns/Villages/Municipalities,Q124156371,,,,
US,ME,Maine,T18 R13 WELS,relation,12250611,8,Cities/Towns/Villages/Municipalities,Q124156372,,,,
US,ME,Maine,T16 R9 WELS,relation,12250612,8,Cities/Towns/Villages/Municipalities,Q124216095,,,,
US,ME,Maine,Pierce Pond Township,relation,12250613,8,Cities/Towns/Villages/Municipalities,Q124156056,,T2 R4 BKP WKR,,
US,ME,Maine,Spring Lake Township,relation,12250615,8,Cities/Towns/Villages/Municipalities,Q124156057,,T3 R4 BKP WKR,,
US,ME,Maine,Upper Enchanted Township,relation,12250634,8,Cities/Towns/Villages/Municipalities,Q124156058,,T3 R6 BKP WKR,,
US,ME,Maine,Lower Enchanted Township,relation,12250635,8,Cities/Towns/Villages/Municipalities,Q124156059,,T2 R5 BKP WKR,,
US,ME,Maine,Sapling Township,relation,12250652,8,Cities/Towns/Villages/Municipalities,Q124156060,,T1 R7 BKP WKR,,
US,ME,Maine,Misery Gore,relation,12250656,8,Cities/Towns/Villages/Municipalities,Q124156061,,,,
US,ME,Maine,Elliottsville Township,relation,12252383,8,Cities/Towns/Villages/Municipalities,Q124156138,,,,
US,ME,Maine,Bowdoin College Grant West Township,relation,12252384,8,Cities/Towns/Villages/Municipalities,Q124156140,,T8 R10 NWP,,
US,ME,Maine,Bowtown Township,relation,12252398,8,Cities/Towns/Villages/Municipalities,Q124156062,,T1 R4 BKP WKR,,
US,ME,Maine,Taunton & Raynham Academy Grant,relation,12252464,8,Cities/Towns/Villages/Municipalities,Q124156063,,T1 R1 NBKP,,
US,ME,Maine,Sandbar Tract Township,relation,12252465,8,Cities/Towns/Villages/Municipalities,Q124156064,,,,
US,ME,Maine,Hobbstown Township,relation,12252563,8,Cities/Towns/Villages/Municipalities,Q124156065,,T4 R6 BKP WKR,,
US,ME,Maine,Haynestown Township,relation,12252564,8,Cities/Towns/Villages/Municipalities,Q124156066,,T5 R6 BKP WKR,,
US,ME,Maine,King & Bartlett Township,relation,12252565,8,Cities/Towns/Villages/Municipalities,Q124156067,,T4 R5 BKP WKR,,
US,ME,Maine,T3 R5 BKP WKR,relation,12252566,8,Cities/Towns/Villages/Municipalities,Q124156068,,,,
US,ME,Maine,Moxie Gore,relation,12252587,8,Cities/Towns/Villages/Municipalities,Q124156069,,T1 R5 BKP EKR,,
US,ME,Maine,Cove Point Township,relation,12252591,8,Cities/Towns/Villages/Municipalities,Q124156141,,,,
US,ME,Maine,Moosehead Junction Township,relation,12252594,8,Cities/Towns/Villages/Municipalities,Q124156142,,,,
US,ME,Maine,Shawtown Township,relation,12252668,8,Cities/Towns/Villages/Municipalities,Q124156143,,TA R12 WELS,,
US,ME,Maine,T5 R11 WELS,relation,12253289,8,Cities/Towns/Villages/Municipalities,Q124156144,,,,
US,ME,Maine,T5 R12 WELS,relation,12253290,8,Cities/Towns/Villages/Municipalities,Q124156145,,,,
US,ME,Maine,T6 R11 WELS,relation,12253291,8,Cities/Towns/Villages/Municipalities,Q124156146,,,,
US,ME,Maine,T6 R12 WELS,relation,12253292,8,Cities/Towns/Villages/Municipalities,Q124156147,,,,
US,ME,Maine,T7 R11 WELS,relation,12253293,8,Cities/Towns/Villages/Municipalities,Q124156148,,,,
US,ME,Maine,T7 R12 WELS,relation,12253294,8,Cities/Towns/Villages/Municipalities,Q124156149,,,,
US,ME,Maine,T8 R11 WELS,relation,12253295,8,Cities/Towns/Villages/Municipalities,Q124156150,,,,
US,ME,Maine,Soper Mountain Township,relation,12253296,8,Cities/Towns/Villages/Municipalities,Q124156151,,T8 R12 WELS,,
US,ME,Maine,Eagle Lake Township,relation,12253297,8,Cities/Towns/Villages/Municipalities,Q124156152,,T8 R13 WELS,,
US,ME,Maine,T7 R13 WELS,relation,12253298,8,Cities/Towns/Villages/Municipalities,Q124156153,,,,
US,ME,Maine,T6 R13 WELS,relation,12253299,8,Cities/Towns/Villages/Municipalities,Q124156154,,,,
US,ME,Maine,Chesuncook Township,relation,12253300,8,Cities/Towns/Villages/Municipalities,Q124156155,,T5 R13 WELS,,
US,ME,Maine,T5 R14 WELS,relation,12253301,8,Cities/Towns/Villages/Municipalities,Q124156156,,,,
US,ME,Maine,T6 R14 WELS,relation,12253302,8,Cities/Towns/Villages/Municipalities,Q124156157,,,,
US,ME,Maine,T7 R14 WELS,relation,12253303,8,Cities/Towns/Villages/Municipalities,Q124156159,,,,
US,ME,Maine,T8 R14 WELS,relation,12253304,8,Cities/Towns/Villages/Municipalities,Q124156160,,,,
US,ME,Maine,T13 R16 WELS,relation,12253391,8,Cities/Towns/Villages/Municipalities,Q124156374,,,,
US,ME,Maine,T14 R16 WELS,relation,12253392,8,Cities/Towns/Villages/Municipalities,Q124156375,,,,
US,ME,Maine,T15 R15 WELS,relation,12253393,8,Cities/Towns/Villages/Municipalities,Q124156376,,,,
US,ME,Maine,T16 R14 WELS,relation,12253394,8,Cities/Towns/Villages/Municipalities,Q124156377,,,,
US,ME,Maine,T9 R18 WELS,relation,12253457,8,Cities/Towns/Villages/Municipalities,Q124156070,,,,
US,ME,Maine,Big Ten Township,relation,12253458,8,Cities/Towns/Villages/Municipalities,Q124156071,,T10 R17 WELS,,
US,ME,Maine,T12 R17 WELS,relation,12253459,8,Cities/Towns/Villages/Municipalities,Q124156378,,,,
US,ME,Maine,Powers Gore,relation,12253460,8,Cities/Towns/Villages/Municipalities,Q124156379,,T11 R17 WELS,,
US,ME,Maine,T8 R18 WELS,relation,12253467,8,Cities/Towns/Villages/Municipalities,Q124156072,,,,
US,ME,Maine,T8 R19 WELS,relation,12253468,8,Cities/Towns/Villages/Municipalities,Q124156073,,,,
US,ME,Maine,T7 R19 WELS,relation,12253469,8,Cities/Towns/Villages/Municipalities,Q124156074,,,,
US,ME,Maine,Big Six Township,relation,12253470,8,Cities/Towns/Villages/Municipalities,Q124156075,,T6 R19 WELS,,
US,ME,Maine,Sandy Bay Township,relation,12253529,8,Cities/Towns/Villages/Municipalities,Q124156076,,T5 R3 NBKP,,
US,ME,Maine,Blake Gore,relation,12253530,8,Cities/Towns/Villages/Municipalities,Q124156077,,T5 R4 NBKP,,
US,ME,Maine,Prentiss Township,relation,12253531,8,Cities/Towns/Villages/Municipalities,Q124156078,,T4 R4 NBKP,,
US,ME,Maine,T4 R5 NBKP,relation,12253532,8,Cities/Towns/Villages/Municipalities,Q124156079,,,,
US,ME,Maine,T5 R20 WELS,relation,12253533,8,Cities/Towns/Villages/Municipalities,Q124156080,,,,
US,ME,Maine,Forsyth Township,relation,12253540,8,Cities/Towns/Villages/Municipalities,Q124156081,,T6 R2 NBKP,,
US,ME,Maine,Dennistown Plantation,relation,12253541,8,Cities/Towns/Villages/Municipalities,Q5259133,,,,
US,ME,Maine,Bald Mountain Township T4 R3,relation,12253545,8,Cities/Towns/Villages/Municipalities,Q124156082,,T4 R3 NBKP,,
US,ME,Maine,T12 R9 WELS,relation,12253564,8,Cities/Towns/Villages/Municipalities,Q124156382,,,,
US,ME,Maine,T13 R9 WELS,relation,12253565,8,Cities/Towns/Villages/Municipalities,Q124156383,,,,
US,ME,Maine,T14 R9 WELS,relation,12253566,8,Cities/Towns/Villages/Municipalities,Q124156384,,,,
US,ME,Maine,T12 R10 WELS,relation,12253567,8,Cities/Towns/Villages/Municipalities,Q124156385,,,,
US,ME,Maine,T13 R10 WELS,relation,12253568,8,Cities/Towns/Villages/Municipalities,Q124156386,,,,
US,ME,Maine,T14 R10 WELS,relation,12253569,8,Cities/Towns/Villages/Municipalities,Q124156387,,,,
US,ME,Maine,T12 R11 WELS,relation,12253570,8,Cities/Towns/Villages/Municipalities,Q124156388,,,,
US,ME,Maine,T13 R11 WELS,relation,12253571,8,Cities/Towns/Villages/Municipalities,Q124156389,,,,
US,ME,Maine,T14 R11 WELS,relation,12253572,8,Cities/Towns/Villages/Municipalities,Q124156390,,,,
US,ME,Maine,T12 R12 WELS,relation,12253573,8,Cities/Towns/Villages/Municipalities,Q124156391,,,,
US,ME,Maine,T13 R12 WELS,relation,12253574,8,Cities/Towns/Villages/Municipalities,Q124156392,,,,
US,ME,Maine,T14 R12 WELS,relation,12253575,8,Cities/Towns/Villages/Municipalities,Q124156393,,,,
US,ME,Maine,T12 R13 WELS,relation,12253576,8,Cities/Towns/Villages/Municipalities,Q124156394,,,,
US,ME,Maine,T13 R13 WELS,relation,12253577,8,Cities/Towns/Villages/Municipalities,Q124156395,,,,
US,ME,Maine,T14 R13 WELS,relation,12253578,8,Cities/Towns/Villages/Municipalities,Q124156396,,,,
US,ME,Maine,T12 R14 WELS,relation,12253579,8,Cities/Towns/Villages/Municipalities,Q124156397,,,,
US,ME,Maine,T13 R14 WELS,relation,12253580,8,Cities/Towns/Villages/Municipalities,Q124156398,,,,
US,ME,Maine,T14 R14 WELS,relation,12253581,8,Cities/Towns/Villages/Municipalities,Q124156399,,,,
US,ME,Maine,T16 R13 WELS,relation,12256868,8,Cities/Towns/Villages/Municipalities,Q124156400,,,,
US,ME,Maine,T17 R13 WELS,relation,12256869,8,Cities/Towns/Villages/Municipalities,Q124156401,,,,
US,ME,Maine,T17 R12 WELS,relation,12256870,8,Cities/Towns/Villages/Municipalities,Q124156402,,,,
US,ME,Maine,T18 R12 WELS,relation,12256871,8,Cities/Towns/Villages/Municipalities,Q124156403,,,,
US,ME,Maine,T16 R12 WELS,relation,12256872,8,Cities/Towns/Villages/Municipalities,Q124156404,,,,
US,ME,Maine,T15 R9 WELS,relation,12256873,8,Cities/Towns/Villages/Municipalities,Q124156405,,,,
US,ME,Maine,T15 R10 WELS,relation,12256874,8,Cities/Towns/Villages/Municipalities,Q124156406,,,,
US,ME,Maine,T15 R11 WELS,relation,12256875,8,Cities/Towns/Villages/Municipalities,Q124156407,,,,
US,ME,Maine,T15 R12 WELS,relation,12256876,8,Cities/Towns/Villages/Municipalities,Q124156408,,,,
US,ME,Maine,T15 R13 WELS,relation,12256877,8,Cities/Towns/Villages/Municipalities,Q124156409,,,,
US,ME,Maine,T15 R14 WELS,relation,12256878,8,Cities/Towns/Villages/Municipalities,Q124156410,,,,
US,ME,Maine,T14 R15 WELS,relation,12256882,8,Cities/Towns/Villages/Municipalities,Q124156411,,,,
US,ME,Maine,T13 R15 WELS,relation,12256883,8,Cities/Towns/Villages/Municipalities,Q124156412,,,,
US,ME,Maine,T11 R16 WELS,relation,12256910,8,Cities/Towns/Villages/Municipalities,Q124156413,,,,
US,ME,Maine,T12 R15 WELS,relation,12256911,8,Cities/Towns/Villages/Municipalities,Q124156414,,,,
US,ME,Maine,T12 R16 WELS,relation,12256912,8,Cities/Towns/Villages/Municipalities,Q124156415,,,,
US,ME,Maine,T11 R9 WELS,relation,12256914,8,Cities/Towns/Villages/Municipalities,Q124156416,,,,
US,ME,Maine,T11 R10 WELS,relation,12256915,8,Cities/Towns/Villages/Municipalities,Q124156417,,,,
US,ME,Maine,T11 R11 WELS,relation,12256916,8,Cities/Towns/Villages/Municipalities,Q124156418,,,,
US,ME,Maine,T11 R12 WELS,relation,12256917,8,Cities/Towns/Villages/Municipalities,Q124156419,,,,
US,ME,Maine,T11 R13 WELS,relation,12256918,8,Cities/Towns/Villages/Municipalities,Q124156420,,,,
US,ME,Maine,Clayton Lake Township,relation,12256919,8,Cities/Towns/Villages/Municipalities,Q124156421,,,,
US,ME,Maine,T11 R15 WELS,relation,12256920,8,Cities/Towns/Villages/Municipalities,Q124156422,,,,
US,ME,Maine,T14 R6 WELS,relation,12256934,8,Cities/Towns/Villages/Municipalities,Q124156423,,,,
US,ME,Maine,T14 R5 WELS,relation,12256935,8,Cities/Towns/Villages/Municipalities,Q124156424,,,,
US,ME,Maine,T15 R6 WELS,relation,12256936,8,Cities/Towns/Villages/Municipalities,Q124156425,,,,
US,ME,Maine,T15 R5 WELS,relation,12256937,8,Cities/Towns/Villages/Municipalities,Q124156426,,,,
US,ME,Maine,Square Lake,relation,12256938,8,Cities/Towns/Villages/Municipalities,Q124156427,,T16 R5 WELS,,
US,ME,Maine,T16 R6 WELS,relation,12256939,8,Cities/Towns/Villages/Municipalities,Q124156428,,,,
US,ME,Maine,Saint Croix Township,relation,12256954,8,Cities/Towns/Villages/Municipalities,Q124156429,,8 R4 WELS,,
US,ME,Maine,Webbertown Township,relation,12256955,8,Cities/Towns/Villages/Municipalities,Q124156430,,7 R4 WELS,,
US,ME,Maine,T8 R3 WELS,relation,12256956,8,Cities/Towns/Villages/Municipalities,Q124156431,,,,
US,ME,Maine,Dudley Township,relation,12256957,8,Cities/Towns/Villages/Municipalities,Q124156432,,7 R3 WELS,,
US,ME,Maine,T9 R4 WELS,relation,12256958,8,Cities/Towns/Villages/Municipalities,Q124156433,,,,
US,ME,Maine,T9 R3 WELS,relation,12256959,8,Cities/Towns/Villages/Municipalities,Q124156434,,,,
US,ME,Maine,Scopan Township,relation,12256960,8,Cities/Towns/Villages/Municipalities,Q124156435,,10 R4 WELS,,
US,ME,Maine,T10 R3 WELS,relation,12256961,8,Cities/Towns/Villages/Municipalities,Q124156436,,,,
US,ME,Maine,Swett Farm,relation,12256965,8,Cities/Towns/Villages/Municipalities,Q124156438,,T9 R5 WELS,,
US,ME,Maine,T8 R5 WELS,relation,12256966,8,Cities/Towns/Villages/Municipalities,Q124156439,,,,
US,ME,Maine,T7 R5 WELS,relation,12256967,8,Cities/Towns/Villages/Municipalities,Q124156440,,,,
US,ME,Maine,T12 R7 WELS,relation,12256975,8,Cities/Towns/Villages/Municipalities,Q124156441,,,,
US,ME,Maine,T11 R7 WELS,relation,12256976,8,Cities/Towns/Villages/Municipalities,Q124156442,,,,
US,ME,Maine,T10 R7 WELS,relation,12256977,8,Cities/Towns/Villages/Municipalities,Q124156443,,,,
US,ME,Maine,T9 R7 WELS,relation,12256978,8,Cities/Towns/Villages/Municipalities,Q124156444,,,,
US,ME,Maine,Oxbow North Township,relation,12256979,8,Cities/Towns/Villages/Municipalities,Q124156445,,,,
US,ME,Maine,T10 R6 WELS,relation,12256980,8,Cities/Towns/Villages/Municipalities,Q124156446,,,,
US,ME,Maine,Garfield Plantation,relation,12256981,8,Cities/Towns/Villages/Municipalities,Q2841192,,,,
US,ME,Maine,Nashville Plantation,relation,12256982,8,Cities/Towns/Villages/Municipalities,Q5391461,,,,
US,ME,Maine,T13 R8 WELS,relation,12256990,8,Cities/Towns/Villages/Municipalities,Q124156447,,,,
US,ME,Maine,T13 R7 WELS,relation,12256991,8,Cities/Towns/Villages/Municipalities,Q124156448,,,,
US,ME,Maine,T14 R7 WELS,relation,12256992,8,Cities/Towns/Villages/Municipalities,Q124156449,,,,
US,ME,Maine,T14 R8 WELS,relation,12256993,8,Cities/Towns/Villages/Municipalities,Q124156450,,,,
US,ME,Maine,Winterville Plantation,relation,12256994,8,Cities/Towns/Villages/Municipalities,Q8026547,,,,
US,ME,Maine,T15 R8 WELS,relation,12256995,8,Cities/Towns/Villages/Municipalities,Q124156451,,,,
US,ME,Maine,T11 R8 WELS,relation,12257004,8,Cities/Towns/Villages/Municipalities,Q124156452,,,,
US,ME,Maine,T12 R8 WELS,relation,12257005,8,Cities/Towns/Villages/Municipalities,Q124156453,,,,
US,ME,Maine,T9 R8 WELS,relation,12257011,8,Cities/Towns/Villages/Municipalities,Q124156454,,,,
US,ME,Maine,T10 R8 WELS,relation,12257012,8,Cities/Towns/Villages/Municipalities,Q124156455,,,,
US,ME,Maine,T6 R8 WELS,relation,12257014,8,Cities/Towns/Villages/Municipalities,Q124156296,,,,
US,ME,Maine,T7 R8 WELS,relation,12257015,8,Cities/Towns/Villages/Municipalities,Q124156297,,,,
US,ME,Maine,T8 R8 WELS,relation,12257016,8,Cities/Towns/Villages/Municipalities,Q124156298,,,,
US,ME,Maine,T5 R8 WELS,relation,12257017,8,Cities/Towns/Villages/Municipalities,Q124156299,,,,
US,ME,Maine,T3 R8 WELS,relation,12257018,8,Cities/Towns/Villages/Municipalities,Q124156300,,,,
US,ME,Maine,T4 R8 WELS,relation,12257019,8,Cities/Towns/Villages/Municipalities,Q124156301,,,,
US,ME,Maine,T3 R7 WELS,relation,12257020,8,Cities/Towns/Villages/Municipalities,Q124156303,,,,
US,ME,Maine,T4 R7 WELS,relation,12257021,8,Cities/Towns/Villages/Municipalities,Q124156304,,,,
US,ME,Maine,T10 R11 WELS,relation,12262335,8,Cities/Towns/Villages/Municipalities,Q124156161,,,,
US,ME,Maine,T10 R12 WELS,relation,12262336,8,Cities/Towns/Villages/Municipalities,Q124156163,,,,
US,ME,Maine,T10 R13 WELS,relation,12262337,8,Cities/Towns/Villages/Municipalities,Q124156164,,,,
US,ME,Maine,T10 R14 WELS,relation,12262338,8,Cities/Towns/Villages/Municipalities,Q124156165,,,,
US,ME,Maine,Ebeemee Township,relation,12262362,8,Cities/Towns/Villages/Municipalities,Q124156166,,,,
US,ME,Maine,Katahdin Iron Works Township,relation,12262363,8,Cities/Towns/Villages/Municipalities,Q124156168,,T6 R9 NWP,,
US,ME,Maine,T7 R9 NWP,relation,12262364,8,Cities/Towns/Villages/Municipalities,Q124156169,,,,
US,ME,Maine,T7 R9 WELS,relation,12262377,8,Cities/Towns/Villages/Municipalities,Q124156170,,,,
US,ME,Maine,T7 R10 WELS,relation,12262378,8,Cities/Towns/Villages/Municipalities,Q124156171,,,,
US,ME,Maine,T8 R9 WELS,relation,12262379,8,Cities/Towns/Villages/Municipalities,Q124156172,,,,
US,ME,Maine,T8 R10 WELS,relation,12262380,8,Cities/Towns/Villages/Municipalities,Q124156173,,,,
US,ME,Maine,Rockwood Strip T1 R1 NBKP,relation,12262446,8,Cities/Towns/Villages/Municipalities,Q124156083,,,,
US,ME,Maine,T9 R9 WELS,relation,12264652,8,Cities/Towns/Villages/Municipalities,Q124156174,,,,
US,ME,Maine,T10 R9 WELS,relation,12264653,8,Cities/Towns/Villages/Municipalities,Q124156175,,,,
US,ME,Maine,T10 R10 WELS,relation,12264654,8,Cities/Towns/Villages/Municipalities,Q124156178,,,,
US,ME,Maine,T9 R10 WELS,relation,12264662,8,Cities/Towns/Villages/Municipalities,Q124156187,,,,
US,ME,Maine,Attean Township,relation,12264665,8,Cities/Towns/Villages/Municipalities,Q124156084,,T5 R1 NBKP,,
US,ME,Maine,Rayton Township,relation,12264666,8,Cities/Towns/Villages/Municipalities,Q124156085,,T5 R7 BKP WKR,,
US,ME,Maine,Holeb Township,relation,12264667,8,Cities/Towns/Villages/Municipalities,Q124156087,,T6 R1 NBKP,,
US,ME,Maine,Appleton Township,relation,12264668,8,Cities/Towns/Villages/Municipalities,Q124156088,,T6 R6 BKP WKR,,
US,ME,Maine,Johnson Mountain Township,relation,12264742,8,Cities/Towns/Villages/Municipalities,Q124156089,,T2 R6 BKP WKR,,
US,ME,Maine,Parlin Pond Township,relation,12264743,8,Cities/Towns/Villages/Municipalities,Q124156090,,T3 R7 BKP WKR,,
US,ME,Maine,Bradstreet Township,relation,12264744,8,Cities/Towns/Villages/Municipalities,Q124156091,,T4 R7 BKP WKR,,
US,ME,Maine,West Forks Plantation,relation,12264745,8,Cities/Towns/Villages/Municipalities,Q6878412,,,,
US,ME,Maine,Harfords Point Township,relation,12264757,8,Cities/Towns/Villages/Municipalities,Q124156189,,,,
US,ME,Maine,Indian Stream Township,relation,12264758,8,Cities/Towns/Villages/Municipalities,Q124156093,,T1 R6 BKP EKR,,
US,ME,Maine,Squaretown Township,relation,12264759,8,Cities/Towns/Villages/Municipalities,Q124156094,,T2 R5 BKP EKR,,
US,ME,Maine,Big Moose Township,relation,12264770,8,Cities/Towns/Villages/Municipalities,Q124156190,,,,
US,ME,Maine,TB R11 WELS,relation,12268804,8,Cities/Towns/Villages/Municipalities,Q124156191,,,,
US,ME,Maine,Bowdoin College Grant East Township,relation,12268805,8,Cities/Towns/Villages/Municipalities,Q124156192,,T7 R10 NWP,,
US,ME,Maine,TB R10 WELS,relation,12268811,8,Cities/Towns/Villages/Municipalities,Q124156193,,,,
US,ME,Maine,TA R10 WELS,relation,12268812,8,Cities/Towns/Villages/Municipalities,Q124156194,,,,
US,ME,Maine,T9 R14 WELS,relation,12268929,8,Cities/Towns/Villages/Municipalities,Q124156195,,,,
US,ME,Maine,T9 R13 WELS,relation,12268930,8,Cities/Towns/Villages/Municipalities,Q124156196,,,,
US,ME,Maine,T9 R12 WELS,relation,12268931,8,Cities/Towns/Villages/Municipalities,Q124156197,,,,
US,ME,Maine,T9 R11 WELS,relation,12268932,8,Cities/Towns/Villages/Municipalities,Q124156198,,,,
US,ME,Maine,T5 R9 WELS,relation,12268970,8,Cities/Towns/Villages/Municipalities,Q124156199,,,,
US,ME,Maine,Nesourdnahunk Township,relation,12268971,8,Cities/Towns/Villages/Municipalities,Q124156200,,T5 R10 WELS,,
US,ME,Maine,Trout Brook Township,relation,12268972,8,Cities/Towns/Villages/Municipalities,Q124156201,,T6 R9 WELS,,
US,ME,Maine,T6 R10 WELS,relation,12268973,8,Cities/Towns/Villages/Municipalities,Q124156203,,,,
US,ME,Maine,Misery Township,relation,12268974,8,Cities/Towns/Villages/Municipalities,Q124156095,,T2 R7 BKP WKR,,
US,ME,Maine,Chase Stream Township,relation,12268975,8,Cities/Towns/Villages/Municipalities,Q124156096,,T1 R6 BKP WKR,,
US,ME,Maine,Long Pond Township,relation,12268976,8,Cities/Towns/Villages/Municipalities,Q124156097,,T3 R1 NBKP,,
US,ME,Maine,T4 R9 WELS,relation,12272606,8,Cities/Towns/Villages/Municipalities,Q124156205,,,,
US,ME,Maine,Mount Katahdin Township,relation,12272607,8,Cities/Towns/Villages/Municipalities,Q124156207,,T3 R9 WELS,,
US,ME,Maine,T2 R9 WELS,relation,12272608,8,Cities/Towns/Villages/Municipalities,Q124156209,,,,
US,ME,Maine,T1 R10 WELS,relation,12272661,8,Cities/Towns/Villages/Municipalities,Q124156211,,,,
US,ME,Maine,T2 R10 WELS,relation,12272662,8,Cities/Towns/Villages/Municipalities,Q124156213,,,,
US,ME,Maine,T3 R10 WELS,relation,12272663,8,Cities/Towns/Villages/Municipalities,Q124156215,,,,
US,ME,Maine,T1 R13 WELS,relation,12272664,8,Cities/Towns/Villages/Municipalities,Q124156227,,,,
US,ME,Maine,T1 R12 WELS,relation,12272665,8,Cities/Towns/Villages/Municipalities,Q124156228,,,,
US,ME,Maine,T1 R11 WELS,relation,12272666,8,Cities/Towns/Villages/Municipalities,Q124156229,,,,
US,ME,Maine,Frenchtown Township,relation,12272667,8,Cities/Towns/Villages/Municipalities,Q124156230,,TA R13 WELS,,
US,ME,Maine,Lily Bay Township,relation,12272668,8,Cities/Towns/Villages/Municipalities,Q124156232,,TA R14 WELS,,
US,ME,Maine,Kineo Township,relation,12272689,8,Cities/Towns/Villages/Municipalities,Q124156233,,,,
US,ME,Maine,Days Academy Grant Township,relation,12272701,8,Cities/Towns/Villages/Municipalities,Q124156238,,,,
US,ME,Maine,Spencer Bay Township,relation,12272707,8,Cities/Towns/Villages/Municipalities,Q124156239,,T1 R14 WELS,,
US,ME,Maine,T3 R13 WELS,relation,12272711,8,Cities/Towns/Villages/Municipalities,Q124156240,,,,
US,ME,Maine,T2 R13 WELS,relation,12272712,8,Cities/Towns/Villages/Municipalities,Q124156241,,,,
US,ME,Maine,T2 R12 WELS,relation,12272713,8,Cities/Towns/Villages/Municipalities,Q124156242,,,,
US,ME,Maine,T3 R12 WELS,relation,12272714,8,Cities/Towns/Villages/Municipalities,Q124156243,,,,
US,ME,Maine,T3 R11 WELS,relation,12272715,8,Cities/Towns/Villages/Municipalities,Q124156244,,,,
US,ME,Maine,Rainbow Township,relation,12272716,8,Cities/Towns/Villages/Municipalities,Q124156245,,T2 R11 WELS,,
US,ME,Maine,T4 R12 WELS,relation,12272722,8,Cities/Towns/Villages/Municipalities,Q124156246,,,,
US,ME,Maine,T4 R11 WELS,relation,12272723,8,Cities/Towns/Villages/Municipalities,Q124156247,,,,
US,ME,Maine,T4 R10 WELS,relation,12272724,8,Cities/Towns/Villages/Municipalities,Q124156248,,,,
US,ME,Maine,East Middlesex Canal Grant Township,relation,12272795,8,Cities/Towns/Villages/Municipalities,Q124156249,,,,
US,ME,Maine,TX R14 WELS,relation,12272797,8,Cities/Towns/Villages/Municipalities,Q124156250,,,,
US,ME,Maine,Lobster Township,relation,12272798,8,Cities/Towns/Villages/Municipalities,Q124156251,,T3 R14 WELS,,
US,ME,Maine,T4 R14 WELS,relation,12272801,8,Cities/Towns/Villages/Municipalities,Q124156252,,,,
US,ME,Maine,Dole Brook Township,relation,12272804,8,Cities/Towns/Villages/Municipalities,Q124156098,,T3 R5 NBKP,,
US,ME,Maine,Hammond Township,relation,12272805,8,Cities/Towns/Villages/Municipalities,Q124156099,,T3 R4 NBKP,,
US,ME,Maine,Alder Brook Township,relation,12272806,8,Cities/Towns/Villages/Municipalities,Q124156100,,T3 R3 NBKP,,
US,ME,Maine,Thorndike Township,relation,12272807,8,Cities/Towns/Villages/Municipalities,Q124156101,,T3 R2 NBKP,,
US,ME,Maine,Sandwich Academy Grant Township,relation,12272809,8,Cities/Towns/Villages/Municipalities,Q124156102,,T2 R1 NBKP,,
US,ME,Maine,Rockwood Strip T2 R1 NBKP,relation,12272813,8,Cities/Towns/Villages/Municipalities,Q124156103,,,,
US,ME,Maine,T6 R17 WELS,relation,12272815,8,Cities/Towns/Villages/Municipalities,Q124156104,,,,
US,ME,Maine,T7 R17 WELS,relation,12272816,8,Cities/Towns/Villages/Municipalities,Q124156105,,,,
US,ME,Maine,T7 R18 WELS,relation,12272817,8,Cities/Towns/Villages/Municipalities,Q124156106,,,,
US,ME,Maine,T6 R18 WELS,relation,12272818,8,Cities/Towns/Villages/Municipalities,Q124156107,,,,
US,ME,Maine,Brassua Township,relation,12274610,8,Cities/Towns/Villages/Municipalities,Q124156108,,T2 R2 NBKP,,
US,ME,Maine,Tomhegan Township,relation,12274611,8,Cities/Towns/Villages/Municipalities,Q124156109,,T1 R2 NBKP,,
US,ME,Maine,T4 R13 WELS,relation,12275785,8,Cities/Towns/Villages/Municipalities,Q124156253,,,,
US,ME,Maine,T5 R18 WELS,relation,12276284,8,Cities/Towns/Villages/Municipalities,Q124156111,,,,
US,ME,Maine,T5 R19 WELS,relation,12276285,8,Cities/Towns/Villages/Municipalities,Q124156112,,,,
US,ME,Maine,Comstock Township,relation,12276301,8,Cities/Towns/Villages/Municipalities,Q124156113,,T4 R18 WELS,,
US,ME,Maine,West Middlesex Canal Grant Township,relation,12276336,8,Cities/Towns/Villages/Municipalities,Q124156114,,T1 R3 NBKP,,
US,ME,Maine,Soldiertown Township,relation,12276343,8,Cities/Towns/Villages/Municipalities,Q124156115,,T2 R3 NBKP,,
US,ME,Maine,Big W Township,relation,12276396,8,Cities/Towns/Villages/Municipalities,Q124156116,,,,
US,ME,Maine,T8 R15 WELS,relation,12276399,8,Cities/Towns/Villages/Municipalities,Q124156254,,,,
US,ME,Maine,T9 R15 WELS,relation,12276400,8,Cities/Towns/Villages/Municipalities,Q124156255,,,,
US,ME,Maine,T10 R15 WELS,relation,12276401,8,Cities/Towns/Villages/Municipalities,Q124156256,,,,
US,ME,Maine,T5 R15 WELS,relation,12276405,8,Cities/Towns/Villages/Municipalities,Q124156258,,,,
US,ME,Maine,T6 R15 WELS,relation,12276406,8,Cities/Towns/Villages/Municipalities,Q124156260,,,,
US,ME,Maine,T7 R15 WELS,relation,12276407,8,Cities/Towns/Villages/Municipalities,Q124156261,,,,
US,ME,Maine,Northeast Carry Township,relation,12276419,8,Cities/Towns/Villages/Municipalities,Q124156262,,T3 R15 WELS,,
US,ME,Maine,T4 R15 WELS,relation,12276420,8,Cities/Towns/Villages/Municipalities,Q124156263,,,,
US,ME,Maine,Seboomook Township,relation,12276426,8,Cities/Towns/Villages/Municipalities,Q124156117,,,,
US,ME,Maine,Plymouth Township,relation,12276427,8,Cities/Towns/Villages/Municipalities,Q124156118,,T1 R4 NBKP,,
US,ME,Maine,Pittston Academy Grant,relation,12276428,8,Cities/Towns/Villages/Municipalities,Q124156119,,T2 R4 NBKP,,
US,ME,Maine,Russell Pond Township,relation,12276435,8,Cities/Towns/Villages/Municipalities,Q124156120,,T5 R16 WELS,,
US,ME,Maine,T5 R17 WELS,relation,12276436,8,Cities/Towns/Villages/Municipalities,Q124156121,,,,
US,ME,Maine,Elm Stream Township,relation,12276437,8,Cities/Towns/Villages/Municipalities,Q124156122,,T4 R16 WELS,,
US,ME,Maine,T4 R17 WELS,relation,12276438,8,Cities/Towns/Villages/Municipalities,Q124156123,,,,
US,ME,Maine,T7 R16 WELS,relation,12276449,8,Cities/Towns/Villages/Municipalities,Q124156124,,,,
US,ME,Maine,Saint John Township,relation,12276450,8,Cities/Towns/Villages/Municipalities,Q124156125,,T6 R16 WELS,,
US,ME,Maine,T8 R17 WELS,relation,12276454,8,Cities/Towns/Villages/Municipalities,Q124156126,,,,
US,ME,Maine,T8 R16 WELS,relation,12276455,8,Cities/Towns/Villages/Municipalities,Q124156127,,,,
US,ME,Maine,T9 R17 WELS,relation,12276456,8,Cities/Towns/Villages/Municipalities,Q124156128,,,,
US,ME,Maine,T9 R16 WELS,relation,12276457,8,Cities/Towns/Villages/Municipalities,Q124156129,,,,
US,ME,Maine,T10 R16 WELS,relation,12276458,8,Cities/Towns/Villages/Municipalities,Q124156130,,,,
US,ME,Maine,Westport Island,relation,12343440,8,Cities/Towns/Villages/Municipalities,Q3453132,,,,
US,ME,Maine,Perkins Township,relation,12343441,8,Cities/Towns/Villages/Municipalities,Q7169068,,,,
US,ME,Maine,Criehaven Township,relation,12373913,8,Cities/Towns/Villages/Municipalities,Q5185118,,,,
US,ME,Maine,Matinicus Isle Plantation,relation,12373914,8,Cities/Towns/Villages/Municipalities,Q3509058,,,,
US,ME,Maine,Muscle Ridge Township,relation,12373915,8,Cities/Towns/Villages/Municipalities,Q2882664,,,,
US,ME,Maine,Trescott Township,relation,12373916,8,Cities/Towns/Villages/Municipalities,Q124156022,,,,
US,ME,Maine,Hibberts Gore,relation,12373917,8,Cities/Towns/Villages/Municipalities,Q9003431,,,,
US,ME,Maine,Louds Island,relation,17135787,8,Cities/Towns/Villages/Municipalities,Q6686057,,Muscongus Island,,
